t_wall,stamp_ns,segment,distance_on_segment_m,segment_length_m,segment_progress,decision,pending_maneuver,pending_source,camera_parking_armed,visible_instruction,applied_instruction,parking_route,stopped_at_terminal,effective_speed_mps,active_speed_mps,traffic_light_state,camera_traffic_light_state,traffic_light_control_state,map_x,map_y,yaw,actual_map_x,actual_map_y,actual_yaw
0.12193001000014192,39462000000,outer_right_mid_to_lower_reverse,0.015117025650745894,1.289914491170345,0.011719401366698462,route/default: outer_right_mid_to_lower_reverse,right,camera_sign_turn_right,,camera_sign_turn_right,camera_sign_turn_right,False,False,0.28,0.28,red,red,red,221.02343880273338,217.1554329248316,1.5344487057758764,221.39147386382825,215.14424882422867,1.4005039987867924
0.2756442310001148,39660000000,outer_right_mid_to_lower_reverse,0.06499792184283977,1.289914491170345,0.05038932602723679,route/default: outer_right_mid_to_lower_reverse,right,camera_sign_turn_right,,camera_sign_turn_right,camera_sign_turn_right,False,False,0.28,0.28,red,red,red,221.1007786520545,215.02858706850196,1.5344487057758749,221.9748634805082,213.07622940603085,1.499389470358685
0.47610767300011503,39857000000,outer_right_mid_to_lower_reverse,0.11700390233759378,1.289914491170345,0.09070671206386373,route/default: outer_right_mid_to_lower_reverse,right,camera_sign_turn_right,,camera_sign_turn_right,camera_sign_turn_right,False,False,0.28,0.28,red,red,red,221.18141342412775,212.8111308364875,1.5344487057758764,222.2732755679868,210.86288940486247,1.5629872776563738
0.5761933249996218,39957000000,outer_right_mid_to_lower_reverse,0.14382358872446305,1.289914491170345,0.1114985448329767,route/default: outer_right_mid_to_lower_reverse,right,camera_sign_turn_right,,camera_sign_turn_right,camera_sign_turn_right,False,False,0.28,0.28,red,red,red,221.22299708966597,211.6675800341863,1.5344487057758749,222.33959209371875,209.72190918255174,1.5834774129144016
0.6813399689999642,40061000000,outer_right_mid_to_lower_reverse,0.17218536851022515,1.289914491170345,0.13348587808638432,route/default: outer_right_mid_to_lower_reverse,right,camera_sign_turn_right,,camera_sign_turn_right,camera_sign_turn_right,False,False,0.28,0.28,red,red,red,221.26697175617278,210.45827670524886,1.5344487057758749,222.36359481672434,208.56253592382004,1.597481846552029
0.7806090570002198,40165000000,outer_right_mid_to_lower_reverse,0.20088787373328562,1.289914491170345,0.1557373570949026,route/default: outer_right_mid_to_lower_reverse,right,camera_sign_turn_right,,camera_sign_turn_right,camera_sign_turn_right,False,False,0.28,0.28,red,red,red,221.31147471418979,209.23444535978035,1.5344487057758764,222.35501215462688,207.38983036581254,1.6058219247202432
0.8800369129994579,40266000000,outer_right_mid_to_lower_reverse,0.2289099626241956,1.289914491170345,0.17746134661725105,route/default: outer_right_mid_to_lower_reverse,right,camera_sign_turn_right,,camera_sign_turn_right,camera_sign_turn_right,False,False,0.28,0.28,red,red,red,221.35492269323453,208.0396259360512,1.5344487057758764,222.32643010232005,206.20876284746086,1.6104801099886055
0.9769961470001363,40369000000,outer_right_mid_to_lower_reverse,0.25772128001073746,1.289914491170345,0.1997971817317176,route/default: outer_right_mid_to_lower_reverse,right,camera_sign_turn_right,,camera_sign_turn_right,camera_sign_turn_right,False,False,0.28,0.28,red,red,red,221.39959436346345,206.81115500475553,1.5344487057758749,222.28232056836498,205.0183639271732,1.6117108322398646
1.0775885759994708,40471000000,outer_right_mid_to_lower_reverse,0.28618658719884876,1.289914491170345,0.22186477410544508,route/default: outer_right_mid_to_lower_reverse,right,camera_sign_turn_right,,camera_sign_turn_right,camera_sign_turn_right,False,False,0.28,0.28,red,red,red,221.4437295482109,205.5974374242005,1.5344487057758764,222.2285159878158,203.83009200390237,1.6099731354456817
1.1782355570003347,40574000000,outer_right_mid_to_lower_reverse,0.31476831846416287,1.289914491170345,0.24402262368459182,route/default: outer_right_mid_to_lower_reverse,right,camera_sign_turn_right,,camera_sign_turn_right,camera_sign_turn_right,False,False,0.28,0.28,red,red,red,221.4880452473692,204.37875569734746,1.5344487057758764,222.1593220472452,202.40989786521612,1.605061672377882
1.378910638999514,40773000000,outer_right_mid_to_lower_reverse,0.36979873767028515,1.289914491170345,0.2866846912734232,route/default: outer_right_mid_to_lower_reverse,right,camera_sign_turn_right,,camera_sign_turn_right,camera_sign_turn_right,False,False,0.28,0.28,red,red,red,221.57336938254684,202.03234197996173,1.5344487057758764,222.05072074739735,200.0524065863484,1.5929811854827909
1.5869274560000122,40971000000,outer_right_mid_to_lower_reverse,0.4243632942432134,1.289914491170345,0.3289856010984005,route/default: outer_right_mid_to_lower_reverse,right,camera_sign_turn_right,,camera_sign_turn_right,camera_sign_turn_right,False,False,0.28,0.28,red,red,red,221.6579712021968,199.70579193958798,1.5344487057758764,221.9663154670635,197.6990689286588,1.5786507451256724
1.6819603309995728,41072000000,outer_right_mid_to_lower_reverse,0.4522585544883982,1.289914491170345,0.3506112673236673,route/default: outer_right_mid_to_lower_reverse,right,camera_sign_turn_right,,camera_sign_turn_right,camera_sign_turn_right,False,False,0.28,0.28,red,red,red,221.70122253464734,198.51638029719828,1.5344487057758764,221.9361518046548,196.52220855774567,1.571223505233335
1.7815799110003354,41175000000,outer_right_mid_to_lower_reverse,0.4807349902371843,1.289914491170345,0.37268748706048827,route/default: outer_right_mid_to_lower_reverse,right,camera_sign_turn_right,,camera_sign_turn_right,camera_sign_turn_right,False,False,0.28,0.28,red,red,red,221.74537497412098,197.30218821167313,1.5344487057758764,221.91577438182634,195.34412061502906,1.5641423022807062
1.9822518929995567,41375000000,outer_right_mid_to_lower_reverse,0.5359943485321611,1.289914491170345,0.4155270385759067,route/default: outer_right_mid_to_lower_reverse,right,camera_sign_turn_right,,camera_sign_turn_right,camera_sign_turn_right,False,False,0.28,0.28,red,red,red,221.8310540771518,194.94601287832512,1.5344487057758749,221.90296442973164,192.9848996428865,1.55129514816746
2.1832981529996687,41575000000,outer_right_mid_to_lower_reverse,0.5914352509026582,1.289914491170345,0.4585073312619711,route/default: outer_right_mid_to_lower_reverse,right,camera_sign_turn_right,,camera_sign_turn_right,camera_sign_turn_right,False,False,0.28,0.28,red,red,red,221.91701466252397,192.5820967805916,1.5344487057758764,221.92785541558578,190.61968661484502,1.541536896449895
2.384060106999641,41776000000,outer_right_mid_to_lower_reverse,0.6472874363925921,1.289914491170345,0.5018064692065792,route/default: outer_right_mid_to_lower_reverse,right,camera_sign_turn_right,,camera_sign_turn_right,camera_sign_turn_right,False,False,0.28,0.28,red,red,red,222.00361293841314,190.20064419363814,1.5344487057758764,221.97990508860346,188.25133396487578,1.533708467211855
2.585676075000265,41977000000,outer_right_mid_to_lower_reverse,0.7032839429015275,1.289914491170345,0.5452174913264483,route/default: outer_right_mid_to_lower_reverse,right,camera_sign_turn_right,,camera_sign_turn_right,camera_sign_turn_right,False,False,0.28,0.28,red,red,red,222.09043498265288,187.81303797704535,1.5344487057758764,222.05732778024804,185.8759170637471,1.5287772185045636
2.687449144000311,42078000000,outer_right_mid_to_lower_reverse,0.7315084537814491,1.289914491170345,0.5670984075213763,route/default: outer_right_mid_to_lower_reverse,right,camera_sign_turn_right,,camera_sign_turn_right,camera_sign_turn_right,False,False,0.28,0.28,green,red,red,222.13419681504274,186.6095875863243,1.5344487057758764,222.1035301327811,184.68588246532917,1.5274248460767694
2.8862567790001776,42276000000,outer_right_mid_to_lower_reverse,0.786926599882406,1.289914491170345,0.6100610585190217,route/default: outer_right_mid_to_lower_reverse,right,camera_sign_turn_right,,camera_sign_turn_right,camera_sign_turn_right,False,False,0.28,0.28,green,green,green,222.22012211703804,184.2466417814538,1.5344487057758764,222.20464808952437,182.3021939480191,1.5262851233311934
3.0884240509994925,42475000000,outer_right_mid_to_lower_reverse,0.8424868521986499,1.289914491170345,0.6531338766760096,route/default: outer_right_mid_to_lower_reverse,right,camera_sign_turn_right,,camera_sign_turn_right,camera_sign_turn_right,False,False,0.28,0.28,green,green,green,222.30626775335202,181.87763678281948,1.5344487057758764,222.31156459201281,179.9175403178384,1.5266647291597617
3.1874245999997584,42575000000,outer_right_mid_to_lower_reverse,0.8704592947917699,1.289914491170345,0.6748193781449795,route/default: outer_right_mid_to_lower_reverse,right,camera_sign_turn_right,,camera_sign_turn_right,camera_sign_turn_right,False,False,0.28,0.28,green,green,green,222.34963875628995,180.6849342020261,1.5344487057758764,222.36552581669963,178.72556830983788,1.5272318963044818
3.28722148199995,42677000000,outer_right_mid_to_lower_reverse,0.8989918599167144,1.289914491170345,0.6969391119104764,route/default: outer_right_mid_to_lower_reverse,right,camera_sign_turn_right,,camera_sign_turn_right,camera_sign_turn_right,False,False,0.28,0.28,green,green,green,222.39387822382093,179.4683488449238,1.5344487057758764,222.4191140776938,177.53383316133414,1.5279227159578375
3.3880491909994817,42780000000,outer_right_mid_to_lower_reverse,0.9278029727946581,1.289914491170345,0.7192747884806368,route/default: outer_right_mid_to_lower_reverse,right,camera_sign_turn_right,,camera_sign_turn_right,camera_sign_turn_right,False,False,0.28,0.28,green,green,green,222.4385495769613,178.23988663356496,1.5344487057758764,222.4718830579302,176.34267152111764,1.528598668100144
3.488770733999445,42882000000,outer_right_mid_to_lower_reverse,0.9563279640597877,1.289914491170345,0.7413886506477706,route/default: outer_right_mid_to_lower_reverse,right,camera_sign_turn_right,,camera_sign_turn_right,camera_sign_turn_right,False,False,0.28,0.28,green,green,green,222.48277730129553,177.0236242143726,1.5344487057758764,222.52378046843705,175.1519805255138,1.529215827865783
3.6892239669996343,43079000000,outer_right_mid_to_lower_reverse,1.011382731398163,1.289914491170345,0.7840695940089261,route/default: outer_right_mid_to_lower_reverse,right,camera_sign_turn_right,,camera_sign_turn_right,camera_sign_turn_right,False,False,0.28,0.28,green,green,green,222.56813918801782,174.67617232950906,1.5370493150049291,222.6267328021545,172.77109890448213,1.5309948904098059
3.788916282000173,43179000000,outer_right_mid_to_lower_reverse,1.0392462987407862,1.289914491170345,0.8056706904640427,route/default: outer_right_mid_to_lower_reverse,right,camera_sign_turn_right,,camera_sign_turn_right,camera_sign_turn_right,False,False,0.28,0.28,green,green,green,222.61134138092808,173.48811202447766,1.5404249472213896,222.6802828316197,171.58285347858512,1.533273560163787
3.8897244959998716,43281000000,outer_right_mid_to_lower_reverse,1.0676060635581057,1.289914491170345,0.8276564616228647,route/default: outer_right_mid_to_lower_reverse,right,camera_sign_turn_right,,camera_sign_turn_right,camera_sign_turn_right,False,False,0.28,0.28,green,green,green,222.65531292324573,172.27889461074244,1.5438609780852366,222.73285839228902,170.39669266677902,1.5362090209424735
4.090364442999999,43480000000,outer_right_mid_to_lower_reverse,1.1227862542095954,1.289914491170345,0.8704346388037602,route/default: outer_right_mid_to_lower_reverse,right,camera_sign_turn_right,,camera_sign_turn_right,camera_sign_turn_right,False,False,0.28,0.28,green,green,green,222.74086927760754,169.9260948657932,1.5505470552079577,222.83075427775412,168.02744010288356,1.5434058537448208
4.191038041999491,43583000000,outer_right_mid_to_lower_reverse,1.1514137996343008,1.289914491170345,0.8926280055894388,route/default: outer_right_mid_to_lower_reverse,right,camera_sign_turn_right,,camera_sign_turn_right,camera_sign_turn_right,False,False,0.28,0.28,green,green,green,222.7852560111789,168.70545969258086,1.5540159104806874,222.87391523267206,166.84333011578397,1.5472289670172505
4.3917683800000304,43780000000,outer_right_mid_to_lower_reverse,1.206200716557685,1.289914491170345,0.9351012992057277,route/default: outer_right_mid_to_lower_reverse,right,camera_sign_turn_right,,camera_sign_turn_right,camera_sign_turn_right,False,False,0.28,0.28,green,green,green,222.87020259841148,166.369428543685,1.5606543832104511,222.94617674154125,164.47437685402693,1.5547399721201187
4.492022630000065,43881000000,outer_right_mid_to_lower_reverse,1.2342992569152251,1.289914491170345,0.9568845573595658,route/default: outer_right_mid_to_lower_reverse,right,camera_sign_turn_right,,camera_sign_turn_right,camera_sign_turn_right,False,False,0.28,0.28,green,green,green,222.91376911471912,165.1713493452239,1.5640588158341127,222.9750732657522,163.28871428952755,1.5583166022329922
4.593139830999462,43982000000,outer_right_mid_to_lower_reverse,1.262417308367533,1.289914491170345,0.9786829413957016,route/default: outer_right_mid_to_lower_reverse,left,camera_sign_turn_left,,camera_sign_turn_left,camera_sign_turn_left,False,False,0.28,0.28,green,green,green,222.9573658827914,163.97243822323642,1.6165250306113708,222.99841041447803,162.10241293301587,1.5614365108771302
4.7946086359997935,44181000000,inner_middle_cross_reverse,0.025935363031812955,5.461513532244725,0.004748750118202732,route/left from camera_sign_turn_left: inner_middle_cross_reverse delta=+92.1deg,,,,camera_sign_turn_left,camera_sign_turn_left,False,False,0.28,0.28,green,green,green,222.94027230244888,161.69503759530394,1.6247978271708632,223.107849592876,159.80890739726323,1.6005415599892252
4.895203541999763,44286000000,inner_middle_cross_reverse,0.054393970163041205,5.461513532244725,0.009959504785971822,route/left from camera_sign_turn_left: inner_middle_cross_reverse delta=+92.1deg,,,,camera_sign_turn_left,camera_sign_turn_left,False,False,0.28,0.28,green,green,green,222.87473371417553,160.4825737122478,1.6247978271708632,223.11570807196358,158.65285473729503,1.6156606005173269
5.096810363000259,44483000000,inner_middle_cross_reverse,0.1082567300768307,5.461513532244725,0.019821745279524437,route/left from camera_sign_turn_left: inner_middle_cross_reverse delta=+92.1deg,,,,camera_sign_turn_left,camera_sign_turn_left,False,False,0.28,0.28,green,green,green,222.75069077598903,158.18777935579698,1.6247978271708632,223.0593051163071,156.32071750676747,1.6381228269618902
5.197002306999821,44585000000,inner_middle_cross_reverse,0.13636977382807602,5.461513532244725,0.024969227490319334,route/left from camera_sign_turn_left: inner_middle_cross_reverse delta=+92.1deg,,,,camera_sign_turn_left,camera_sign_turn_left,False,False,0.28,0.28,green,green,green,222.68594800094644,156.99003801750925,1.6247978271708632,223.00217590146013,155.14868848543583,1.6459685372905384
5.29927951100035,44686000000,inner_middle_cross_reverse,0.16436319796347437,5.461513532244725,0.030094807417957604,route/left from camera_sign_turn_left: inner_middle_cross_reverse delta=+92.1deg,,,,camera_sign_turn_left,camera_sign_turn_left,False,False,0.28,0.28,green,green,green,222.62148070322138,155.79739300959537,1.6247978271708687,222.92866246874502,153.97073692341795,1.6514330607905523
5.4983550719998675,44886000000,inner_middle_cross_reverse,0.22014849746496334,5.461513532244725,0.04030906380899885,route/left from camera_sign_turn_left: inner_middle_cross_reverse delta=+92.1deg,,,,camera_sign_turn_right,camera_sign_turn_left,False,False,0.28,0.28,green,green,green,222.49301026336911,153.42068987232886,1.6247978271708687,222.7463242898828,151.60160380012434,1.656149242394044
5.699638316000346,45079000000,inner_middle_cross_reverse,0.27403935139699265,5.461513532244725,0.05017644830120202,route/left from camera_sign_turn_left: inner_middle_cross_reverse delta=+92.1deg,,,,camera_sign_turn_right,camera_sign_turn_left,False,False,0.28,0.28,green,green,green,222.36890262622222,151.1246985851116,1.6247978271708632,222.54021155956167,149.22705348592916,1.655225012028691
5.800362005999887,45180000000,inner_middle_cross_reverse,0.30220547441421564,5.461513532244725,0.05533364929519946,route/left from camera_sign_turn_left: inner_middle_cross_reverse delta=+92.1deg,,,,camera_sign_turn_right,camera_sign_turn_left,False,False,0.28,0.28,green,green,green,222.3040376125844,149.92469583281158,1.6247978271708632,222.43493366770002,148.0423708398571,1.6535146006736046
6.001496679999946,45378000000,inner_middle_cross_reverse,0.3573478022318737,5.461513532244725,0.0654301779391547,route/left from camera_sign_turn_left: inner_middle_cross_reverse delta=+92.1deg,,,,camera_sign_turn_right,camera_sign_turn_left,False,False,0.28,0.28,green,green,green,222.1770479007335,147.57538616356965,1.6247978271708687,222.22679479940456,145.67626697733562,1.6484069756769555
6.101789356000154,45480000000,inner_middle_cross_reverse,0.3857361444714664,5.461513532244725,0.07062806714550533,route/left from camera_sign_turn_left: inner_middle_cross_reverse delta=+92.1deg,,,,camera_sign_turn_right,camera_sign_turn_left,False,False,0.28,0.28,green,green,green,222.11167112859482,146.36591587900418,1.6247978271708632,222.12622147955835,144.4937992821752,1.6454223873289928
6.303580414999487,45681000000,inner_middle_cross_reverse,0.441677179572524,5.461513532244725,0.08087083863563939,route/left from camera_sign_turn_left: inner_middle_cross_reverse delta=+92.1deg,,,,,camera_sign_turn_left,False,False,0.28,0.28,green,green,green,221.9828420383247,143.98257770900707,1.6247978271708634,221.93550267078405,142.12821423316274,1.6393574994526792
6.410172314000192,45783000000,inner_middle_cross_reverse,0.4700754044198403,5.461513532244725,0.08607053734180452,route/left from camera_sign_turn_left: inner_middle_cross_reverse delta=+92.1deg,,,,,camera_sign_turn_left,False,False,0.28,0.28,green,green,green,221.91744250709047,142.7726863811741,1.6247978271708634,221.84600111702701,140.94459422620415,1.6364945176565195
6.605964567999763,45984000000,inner_middle_cross_reverse,0.5260728588047512,5.461513532244725,0.09632363917050135,route/left from camera_sign_turn_left: inner_middle_cross_reverse delta=+92.1deg,,,,,camera_sign_turn_left,False,False,0.28,0.28,green,green,green,221.78848348634983,140.38694449747226,1.6247978271708632,221.6788715424422,138.5750257066482,1.6314661330499296
6.806620108999596,46183000000,inner_middle_cross_reverse,0.5814684470722358,5.461513532244725,0.10646653965778012,route/left from camera_sign_turn_left: inner_middle_cross_reverse delta=+92.1deg,,,,,camera_sign_turn_left,False,False,0.28,0.28,green,green,green,221.66091052977896,138.0268448009108,1.6247978271708634,221.53872826471536,136.20474411440668,1.6317753896680107
6.906718927999464,46284000000,inner_middle_cross_reverse,0.6076083878640491,5.461513532244725,0.1112527478466793,route/left from camera_sign_turn_left: inner_middle_cross_reverse delta=+92.1deg,,,,,camera_sign_turn_left,False,False,0.28,0.28,green,green,green,221.60071170103294,136.91316646910934,1.6247978271708632,221.5604035383917,135.08940220843553,1.6618303906064984
7.0074502460001895,46385000000,inner_middle_cross_reverse,0.6322203882939551,5.461513532244725,0.11575919103034935,route/left from camera_sign_turn_left: inner_middle_cross_reverse delta=+92.1deg,,,,,camera_sign_turn_left,False,False,0.28,0.28,green,green,green,221.54403163389821,135.86458522711743,1.6247978271708632,221.63981761839597,134.0379857935737,1.7208615090143853
7.20894194199991,46584000000,inner_middle_cross_reverse,0.6776909211896078,5.461513532244725,0.12408481956302533,route/left from camera_sign_turn_left: inner_middle_cross_reverse delta=+92.1deg,,,,,camera_sign_turn_left,False,False,0.28,0.28,green,green,green,221.4393155274397,133.92733725763415,1.6247978271708634,221.8545495709261,132.0766697144104,1.9185995125847397
7.313897330000145,46688000000,inner_middle_cross_reverse,0.7003566611685828,5.461513532244725,0.12823490357273373,route/left from camera_sign_turn_left: inner_middle_cross_reverse delta=+92.1deg,,,,,camera_sign_turn_left,False,False,0.28,0.28,green,green,green,221.38711758979844,132.96167541127159,1.6247978271708632,221.94500458502586,130.95455468458636,2.0796890371651737
7.51404587199977,46885000000,inner_middle_cross_reverse,0.7432140379151339,5.461513532244725,0.13608206471103754,route/left from camera_sign_turn_left: inner_middle_cross_reverse delta=+92.1deg,,,,camera_sign_turn_right,camera_sign_turn_left,False,False,0.28,0.28,green,green,green,221.28841943650815,131.1357595754012,1.6247978271708632,221.8010753820622,129.29217190147494,2.3369910465831
7.611164601999917,46988000000,inner_middle_cross_reverse,0.7656749318865446,5.461513532244725,0.14019464153407418,route/left from camera_sign_turn_left: inner_middle_cross_reverse delta=+92.1deg,,,,camera_sign_turn_right,camera_sign_turn_left,False,False,0.28,0.28,green,green,green,221.23669324782105,130.1788250846894,1.6247978271708634,221.52325665491315,128.40435790653953,2.4756336364927067
7.814537283999925,47185000000,inner_middle_cross_reverse,0.8091880367279509,5.461513532244725,0.1481618661110171,route/left from camera_sign_turn_left: inner_middle_cross_reverse delta=+92.1deg,,,,camera_sign_turn_right,camera_sign_turn_left,False,False,0.28,0.28,yellow,green,green,221.1364849892248,128.32497230065954,1.9551108502874923,220.51724350036233,126.8204662274535,2.7243758011434327
7.912142352000046,47286000000,inner_middle_cross_reverse,0.8320400058045399,5.461513532244725,0.15234604856184708,route/left from camera_sign_turn_left: inner_middle_cross_reverse delta=+92.1deg,,,,camera_sign_turn_right,camera_sign_turn_left,False,False,0.28,0.28,yellow,green,green,221.08385817633695,127.35137626223374,2.4679394621365103,219.80697343243986,126.16820736109489,2.8291594812617293
8.012702527000329,47387000000,inner_middle_cross_reverse,0.8553724905446306,5.461513532244725,0.15661821315547778,route/left from camera_sign_turn_left: inner_middle_cross_reverse delta=+92.1deg,,,,,camera_sign_turn_left,False,False,0.28,0.28,yellow,green,green,221.03012476262057,126.35730810848088,2.950790425947506,218.98201589122982,125.61460289141478,2.9224376904685014
8.112669803000244,47489000000,inner_middle_cross_reverse,0.8795397689913573,5.461513532244725,0.1610432279987155,route/left from camera_sign_turn_left: inner_middle_cross_reverse delta=+92.1deg,,,,,camera_sign_turn_left,False,False,0.28,0.28,yellow,green,green,220.52698448366658,125.8,3.141592653589793,218.06748337843783,125.17704540343591,3.0009286861753504
8.315191413999855,47688000000,inner_middle_cross_reverse,0.9288502595054969,5.461513532244725,0.17007195057223126,route/left from camera_sign_turn_left: inner_middle_cross_reverse delta=+92.1deg,,,,,camera_sign_turn_left,False,False,0.28,0.28,yellow,green,green,218.42307022172992,125.8,3.141592653589793,216.03567846150486,124.61103439479271,3.1214574678373266
8.41474267600006,47789000000,inner_middle_cross_reverse,0.9547215942024511,5.461513532244725,0.1748089771389897,route/left from camera_sign_turn_left: inner_middle_cross_reverse delta=+92.1deg,,,,,camera_sign_turn_left,False,False,0.28,0.28,yellow,green,green,217.31922660799324,125.8,3.141592653589793,214.9525991418564,124.47168309663738,-3.1203108677571376
8.51569695499984,47892000000,inner_middle_cross_reverse,0.9816161004050677,5.461513532244725,0.17973334582247494,route/left from camera_sign_turn_left: inner_middle_cross_reverse delta=+92.1deg,,,,,camera_sign_turn_left,False,False,0.28,0.28,yellow,green,green,216.1717276766816,125.8,3.141592653589793,213.614155233286,124.39774469244921,-3.0824415162209893
8.71667048099971,48089000000,inner_middle_cross_reverse,1.0344269121987495,5.461513532244725,0.18940297521767596,route/left from camera_sign_turn_left: inner_middle_cross_reverse delta=+92.1deg,,,,,camera_sign_turn_left,False,False,0.28,0.28,red,green,green,213.91846637348448,125.8,3.141592653589793,211.54783093038475,124.44370295395225,-3.0482139318017354
8.816959034999854,48190000000,inner_middle_cross_reverse,1.0620697570122382,5.461513532244725,0.19446436427224584,route/left from camera_sign_turn_left: inner_middle_cross_reverse delta=+92.1deg,,,,,camera_sign_turn_left,False,False,0.28,0.28,red,green,green,212.73903832810896,125.8,3.141592653589793,210.384412958059,124.52399350082004,-3.037918091079605
8.917570726999656,48293000000,inner_middle_cross_reverse,1.0906889061205232,5.461513532244725,0.19970451408407322,route/left from camera_sign_turn_left: inner_middle_cross_reverse delta=+92.1deg,,,,,camera_sign_turn_left,False,False,0.28,0.28,red,green,green,211.51795463282212,125.8,3.141592653589793,208.97219880677153,124.65734574319272,-3.0326407752827502
9.024809360999825,48393000000,inner_middle_cross_reverse,1.1185777670423196,5.461513532244725,0.2048109485471833,route/left from camera_sign_turn_left: inner_middle_cross_reverse delta=+92.1deg,,,,,camera_sign_turn_left,False,False,0.28,0.28,red,green,green,210.3280299001588,125.8,3.141592653589793,207.7905130630098,124.7891394033897,-3.033356298686774
9.118550326999866,48495000000,inner_middle_cross_reverse,1.1468010265338104,5.461513532244725,0.2099786111968977,route/left from camera_sign_turn_left: inner_middle_cross_reverse delta=+92.1deg,,,,,camera_sign_turn_left,False,False,0.28,0.28,red,yellow,yellow,209.12383749518858,125.8,3.141592653589793,206.61587318800258,124.92985499986368,-3.037889459295083
9.31969814599961,48693000000,inner_middle_cross_reverse,1.2012098299372784,5.461513532244725,0.2199408319406968,route/left from camera_sign_turn_left: inner_middle_cross_reverse delta=+92.1deg,,,,camera_sign_speed_limit,camera_sign_turn_left,False,False,0.28,0.28,red,red,red,206.8023952166406,125.8,3.141592653589793,204.28208506536618,125.21144518153933,-3.054409530817657
9.420026685999801,48794000000,inner_middle_cross_reverse,1.2288844174807882,5.461513532244725,0.22500803307095482,route/left from camera_sign_turn_left: inner_middle_cross_reverse delta=+92.1deg,,,,camera_sign_speed_limit,camera_sign_turn_left,False,False,0.28,0.28,red,red,red,205.62161281478416,125.8,3.141592653589793,203.11861215266816,125.34311486526154,-3.0649517973572213
9.621266414999809,48992000000,inner_middle_cross_reverse,1.2831393172655912,5.461513532244725,0.2349420741503154,route/left from camera_sign_turn_left: inner_middle_cross_reverse delta=+92.1deg,,,,camera_sign_speed_limit,camera_sign_turn_left,False,False,0.28,0.28,red,red,red,203.30673709063257,125.8,3.141592653589793,200.78942546532033,125.57298799871108,-3.0874270709225358
9.722266370999932,49094000000,inner_middle_cross_reverse,1.311115003576544,5.461513532244725,0.24006440629245598,route/left from camera_sign_turn_left: inner_middle_cross_reverse delta=+92.1deg,,,,camera_sign_speed_limit,camera_sign_turn_left,False,False,0.28,0.28,red,red,red,202.11310780803194,125.8,3.141592653589793,199.62224656814766,125.6670305073727,-3.0982564054434825
9.822894719000033,49196000000,inner_middle_cross_reverse,1.3392129819467884,5.461513532244725,0.2452091300406174,route/left from camera_sign_turn_left: inner_middle_cross_reverse delta=+92.1deg,,,,camera_sign_speed_limit,camera_sign_turn_left,False,False,0.28,0.28,red,red,red,200.9142607309015,125.8,3.141592653589793,198.45308838614363,125.74548761245688,-3.108130302871674
10.028674907000095,49396000000,inner_middle_cross_reverse,1.3943780359632154,5.461513532244725,0.25530981983855217,route/left from camera_sign_turn_left: inner_middle_cross_reverse delta=+92.1deg,,,,camera_sign_speed_limit,camera_sign_turn_left,False,False,0.28,0.28,red,red,red,198.56055175953395,125.8,3.141592653589793,196.10617426295863,125.86110280042169,-3.1250918779393064
10.1237290199997,49497000000,inner_middle_cross_reverse,1.42233729478202,5.461513532244725,0.26042914411628826,route/left from camera_sign_turn_left: inner_middle_cross_reverse delta=+92.1deg,,,,camera_sign_speed_limit,camera_sign_turn_left,False,False,0.28,0.28,red,red,red,197.36762338326497,125.8,3.141592653589793,194.9281871550824,125.90011368725177,-3.132049946718163
10.224844716999542,49599000000,inner_middle_cross_reverse,1.4506089105252602,5.461513532244725,0.26560566076800485,route/left from camera_sign_turn_left: inner_middle_cross_reverse delta=+92.1deg,,,,camera_sign_speed_limit,camera_sign_turn_left,False,False,0.28,0.28,red,red,red,196.16136777822004,125.8,3.141592653589793,193.74751711236866,125.92761263267968,-3.137817110059568
10.325098223999703,49699000000,inner_middle_cross_reverse,1.4783283564034357,5.461513532244725,0.2706810754336502,route/left from camera_sign_turn_left: inner_middle_cross_reverse delta=+92.1deg,,,,camera_sign_speed_limit,camera_sign_turn_left,False,False,0.28,0.28,red,red,red,194.9786714207512,125.8,3.141592653589793,192.56438278692804,125.94537025967625,3.1406623863856273
10.426048211000307,49800000000,inner_middle_cross_reverse,1.5064007335344403,5.461513532244725,0.2758211116095684,route/left from camera_sign_turn_left: inner_middle_cross_reverse delta=+92.1deg,,,,camera_sign_speed_limit,camera_sign_turn_left,False,False,0.28,0.28,red,red,red,193.7809166631617,125.8,3.141592653589793,191.3794424396515,125.95452691297359,3.1370123299133987
10.631772511000236,49996000000,inner_middle_cross_reverse,1.5609873486097594,5.461513532244725,0.2858158895686525,route/left from camera_sign_turn_left: inner_middle_cross_reverse delta=+92.1deg,,,,camera_sign_speed_limit,camera_sign_turn_left,False,False,0.28,0.28,red,red,red,191.4518877532814,125.8,3.141592653589793,189.00311371722069,125.9535316980405,3.13224798149449
10.726891770000293,50096000000,inner_middle_cross_reverse,1.588899152088376,5.461513532244725,0.29092652480077735,route/left from camera_sign_turn_left: inner_middle_cross_reverse delta=+92.1deg,,,,camera_sign_speed_limit,camera_sign_turn_left,False,False,0.28,0.28,red,red,red,190.26098413819378,125.8,3.141592653589793,187.8127173589829,125.94687807784648,3.130701270283326
10.92816110700005,50296000000,inner_middle_cross_reverse,1.6448539538853375,5.461513532244725,0.30117181696504736,route/left from camera_sign_turn_left: inner_middle_cross_reverse delta=+92.1deg,,,,camera_sign_speed_limit,camera_sign_turn_left,False,False,0.14,0.28,red,red,red,187.87357926152342,125.8,3.141592653589793,185.42777082526896,125.92405472659811,3.1291920036749943
11.032848887999535,50397000000,inner_middle_cross_reverse,1.6589967959955179,5.461513532244725,0.3037613632559576,route/left from camera_sign_turn_left: inner_middle_cross_reverse delta=+92.1deg,,,,camera_sign_speed_limit,camera_sign_turn_left,False,False,0.14,0.28,red,red,red,187.27015133148905,125.8,3.141592653589793,184.65030857108127,125.91679267896619,3.128691013427137
11.13342290699984,50497000000,inner_middle_cross_reverse,1.6729961212832234,5.461513532244725,0.3063246316988633,route/left from camera_sign_turn_left: inner_middle_cross_reverse delta=+92.1deg,,,,camera_sign_speed_limit,camera_sign_turn_left,False,False,0.14,0.28,red,red,red,186.67284678588027,125.8,3.141592653589793,184.0543503315544,125.90764081552075,3.1291801257931837
11.229239235999557,50598000000,inner_middle_cross_reverse,1.68707971206992,5.461513532244725,0.3089033291063763,route/left from camera_sign_turn_left: inner_middle_cross_reverse delta=+92.1deg,,,,camera_sign_speed_limit,camera_sign_turn_left,False,False,0.14,0.28,red,red,red,186.07194691231456,125.8,3.141592653589793,183.45861904026688,125.89841624018757,3.1297916741140868
11.332594006999898,50700000000,inner_middle_cross_reverse,1.7013416267819146,5.461513532244725,0.311514677522487,route/left from camera_sign_turn_left: inner_middle_cross_reverse delta=+92.1deg,,,,camera_sign_speed_limit,camera_sign_turn_left,False,False,0.14,0.28,red,red,red,185.46343855126943,125.8,3.141592653589793,182.86253574838437,125.88913215714693,3.130568348356128
11.430975909999688,50802000000,inner_middle_cross_reverse,1.7156061374539768,5.461513532244725,0.3141265012573995,route/left from camera_sign_turn_left: inner_middle_cross_reverse delta=+92.1deg,,,,camera_sign_speed_limit,camera_sign_turn_left,False,False,0.14,0.28,red,red,red,184.85481942926145,125.8,3.141592653589793,182.26620145637492,125.88021266764625,3.1314228189162394
11.6317826100003,51002000000,inner_middle_cross_reverse,1.7435666098217,5.461513532244725,0.31924604773524756,route/left from camera_sign_turn_left: inner_middle_cross_reverse delta=+92.1deg,,,,camera_sign_speed_limit,camera_sign_turn_left,False,False,0.14,0.28,red,red,red,183.66183927490528,125.8,3.141592653589793,181.07348596573664,125.86400463063559,3.133082931506611
11.731243014000029,51103000000,inner_middle_cross_reverse,1.7576761056947907,5.461513532244725,0.32182948834924374,route/left from camera_sign_turn_left: inner_middle_cross_reverse delta=+92.1deg,,,,camera_sign_speed_limit,camera_sign_turn_left,False,False,0.14,0.28,red,red,red,183.0598341176534,125.8,3.141592653589793,180.47711233582132,125.8567722387785,3.1338709031709735
11.931874805999541,51301000000,inner_middle_cross_reverse,1.7852566667019867,5.461513532244725,0.32687947327455075,route/left from camera_sign_turn_left: inner_middle_cross_reverse delta=+92.1deg,,,,camera_sign_speed_limit,camera_sign_turn_left,False,False,0.14,0.28,red,red,red,181.88306351467972,125.8,3.141592653589793,179.28505626304167,125.84445270340272,3.1351601727891967
12.032582556000307,51403000000,inner_middle_cross_reverse,1.7995140582871727,5.461513532244725,0.32948999350873315,route/left from camera_sign_turn_left: inner_middle_cross_reverse delta=+92.1deg,,,,camera_sign_speed_limit,camera_sign_turn_left,False,False,0.14,0.28,red,red,red,181.27474814037842,125.8,3.141592653589793,178.6887030838482,125.83851673017918,3.135832616230045
12.132938634999846,51503000000,inner_middle_cross_reverse,1.8135065714784502,5.461513532244725,0.3320520146606841,route/left from camera_sign_turn_left: inner_middle_cross_reverse delta=+92.1deg,,,,camera_sign_speed_limit,camera_sign_turn_left,False,False,0.14,0.28,red,red,red,180.67773424421725,125.8,3.141592653589793,178.0923138474065,125.8331676044432,3.1364673673435584
12.334694379999746,51703000000,inner_middle_cross_reverse,1.8414793027733736,5.461513532244725,0.337173805741082,route/left from camera_sign_turn_left: inner_middle_cross_reverse delta=+92.1deg,,,,camera_sign_speed_limit,camera_sign_turn_left,False,False,0.14,0.28,red,red,red,179.48423104230054,125.8,3.141592653589793,176.90020394246295,125.82486501144344,3.1374022173984324
12.53724910999972,51904000000,inner_middle_cross_reverse,1.8695202373403341,5.461513532244725,0.3423080848015306,route/left from camera_sign_turn_left: inner_middle_cross_reverse delta=+92.1deg,,,,camera_sign_speed_limit,camera_sign_turn_left,False,False,0.14,0.28,red,red,red,178.2878178341102,125.8,3.141592653589793,175.7082138503137,125.8178749004907,3.138191950409707
12.635749086000033,52004000000,inner_middle_cross_reverse,1.8834752458076651,5.461513532244725,0.3448632388600055,route/left from camera_sign_turn_left: inner_middle_cross_reverse delta=+92.1deg,,,,camera_sign_speed_limit,camera_sign_turn_left,False,False,0.14,0.28,red,red,red,177.69240413950408,125.8,3.141592653589793,175.11212728130025,125.8147434774945,3.138572534925962
12.744512141000087,52107000000,inner_middle_cross_reverse,1.8978976444921445,5.461513532244725,0.34750397179957065,route/left from camera_sign_turn_left: inner_middle_cross_reverse delta=+92.1deg,,,,camera_sign_speed_limit,camera_sign_turn_left,False,False,0.14,0.28,red,red,red,177.07704846229964,125.8,3.141592653589793,174.39684975959898,125.81153959611716,3.1389564568224744
12.937502705999577,52303000000,inner_middle_cross_reverse,1.9252925893399662,5.461513532244725,0.35251997051239675,route/left from camera_sign_turn_left: inner_middle_cross_reverse delta=+92.1deg,,,,camera_sign_speed_limit,camera_sign_turn_left,False,False,0.14,0.28,red,red,red,175.90819748212593,125.8,3.141592653589793,173.32291306595008,125.80717657953727,3.1396202626939087
13.039118659999986,52406000000,inner_middle_cross_reverse,1.9396794759466214,5.461513532244725,0.3551542012108497,route/left from camera_sign_turn_left: inner_middle_cross_reverse delta=+92.1deg,,,,camera_sign_speed_limit,camera_sign_turn_left,False,False,0.14,0.28,red,red,red,175.29435698690864,125.8,3.141592653589793,172.7261000514779,125.80525713130996,3.139940521065014
13.139100333999522,52509000000,inner_middle_cross_reverse,1.954088639549396,5.461513532244725,0.3577925108145343,route/left from camera_sign_turn_left: inner_middle_cross_reverse delta=+92.1deg,,,,camera_sign_speed_limit,camera_sign_turn_left,False,False,0.28,0.28,red,red,red,174.67956600652357,125.8,3.141592653589793,172.12920703613187,125.80365900281026,3.1402216566060157
13.340595513999688,52701000000,inner_middle_cross_reverse,2.0077995973118767,5.461513532244725,0.3676269564211178,route/left from camera_sign_turn_left: inner_middle_cross_reverse delta=+92.1deg,,,,camera_sign_speed_limit,camera_sign_turn_left,False,False,0.28,0.28,red,red,red,172.3878984753244,125.8,3.141592653589793,169.93694278225675,125.80142310899433,3.1396414877060406
13.452493928999502,52809000000,inner_middle_cross_reverse,2.0380017405870046,5.461513532244725,0.3731569515583293,route/left from camera_sign_turn_left: inner_middle_cross_reverse delta=+92.1deg,,,,camera_sign_speed_limit,camera_sign_turn_left,False,False,0.28,0.28,red,red,red,171.0992736955856,125.8,3.141592653589793,168.74382124117275,125.79805611597786,3.14009151997738
13.54279785899962,52912000000,inner_middle_cross_reverse,2.0668174726661945,5.461513532244725,0.3784330955995483,route/left from camera_sign_turn_left: inner_middle_cross_reverse delta=+92.1deg,,,,camera_sign_speed_limit,camera_sign_turn_left,False,False,0.28,0.28,red,red,red,169.86980246020684,125.8,3.141592653589793,167.31169362311294,125.79477709577996,3.1406351668077255
13.642247120999855,53012000000,inner_middle_cross_reverse,2.094810053550375,5.461513532244725,0.38355852112837147,route/left from camera_sign_turn_left: inner_middle_cross_reverse delta=+92.1deg,,,,camera_sign_turn_left,camera_sign_turn_left,False,False,0.28,0.28,red,red,red,168.6754523424818,125.8,3.141592653589793,166.1180523825302,125.7929628044826,3.140997310944773
13.846905728999445,53198000000,inner_middle_cross_reverse,2.1468538386734446,5.461513532244725,0.3930877083794519,route/left from camera_sign_turn_left: inner_middle_cross_reverse delta=+92.1deg,,,,camera_sign_turn_left,camera_sign_turn_left,False,False,0.28,0.28,red,red,red,166.45491751056417,125.8,3.141592653589793,163.96941132238314,125.79100964960264,3.1414646918051328
13.944314962000135,53304000000,inner_middle_cross_reverse,2.176526485637856,5.461513532244725,0.3985207530454084,route/left from camera_sign_turn_left: inner_middle_cross_reverse delta=+92.1deg,,,,camera_sign_turn_left,camera_sign_turn_left,False,False,0.28,0.28,red,red,red,165.18888457341595,125.8,3.141592653589793,162.77580817901134,125.79038827897101,-3.1415506774989326
14.04210908099958,53405000000,inner_middle_cross_reverse,2.204792639698454,5.461513532244725,0.403696269666161,route/left from camera_sign_turn_left: inner_middle_cross_reverse delta=+92.1deg,,,,camera_sign_speed_limit,camera_sign_turn_left,False,False,0.28,0.28,red,red,red,163.98286200016375,125.8,3.141592653589793,161.58187298277605,125.78998122975163,-3.141372265480422
14.24347443500028,53608000000,inner_middle_cross_reverse,2.2615432063416097,5.461513532244725,0.4140872659180426,route/left from camera_sign_turn_left: inner_middle_cross_reverse delta=+92.1deg,,,,camera_sign_speed_limit,camera_sign_turn_left,False,False,0.28,0.28,red,red,red,161.5615044900558,125.8,3.141592653589793,159.19462515464582,125.7901456069176,-3.141157984100391
14.443882845999724,53808000000,inner_middle_cross_reverse,2.3174995694490086,5.461513532244725,0.4243328439573596,route/left from camera_sign_turn_left: inner_middle_cross_reverse delta=+92.1deg,,,,camera_sign_turn_right,camera_sign_turn_left,False,False,0.28,0.28,red,red,red,159.17403299747343,125.8,3.141592653589793,156.80719589563017,125.79095069786602,-3.140929514861282
14.544895076000103,53908000000,inner_middle_cross_reverse,2.3454823191276555,5.461513532244725,0.4294564693980798,route/left from camera_sign_turn_left: inner_middle_cross_reverse delta=+92.1deg,,,,camera_sign_turn_right,camera_sign_turn_left,False,False,0.28,0.28,red,red,red,157.98010234451783,125.8,3.141592653589793,155.6132405751596,125.79165161726176,-3.1407660515857363
14.7453457849997,54105000000,inner_middle_cross_reverse,2.4005887215335338,5.461513532244725,0.4395464201197123,route/left from camera_sign_turn_left: inner_middle_cross_reverse delta=+92.1deg,,,,camera_sign_turn_right,camera_sign_turn_left,False,False,0.28,0.28,red,red,red,155.62889584186703,125.8,3.141592653589793,153.22524270390318,125.79342315059482,-3.140329185716329
14.845050408999668,54207000000,inner_middle_cross_reverse,2.4291043114019155,5.461513532244725,0.4447676082940208,route/left from camera_sign_turn_left: inner_middle_cross_reverse delta=+92.1deg,,,,camera_sign_turn_right,camera_sign_turn_left,False,False,0.28,0.28,red,red,red,154.4122306741494,125.8,3.141592653589793,152.03168913672314,125.79444136611767,-3.1400913523658325
14.946278395999798,54307000000,inner_middle_cross_reverse,2.457050407664318,5.461513532244725,0.4498845225152177,route/left from camera_sign_turn_left: inner_middle_cross_reverse delta=+92.1deg,,,,camera_sign_speed_limit,camera_sign_turn_left,False,False,0.28,0.28,red,red,red,153.2198639002869,125.8,3.141592653589793,150.83843096099835,125.79561428097819,-3.1398554821578353
15.04675302600026,54407000000,inner_middle_cross_reverse,2.4849930606144124,5.461513532244725,0.45500080626790296,route/left from camera_sign_turn_left: inner_middle_cross_reverse delta=+92.1deg,,,,camera_sign_turn_right,camera_sign_turn_left,False,False,0.28,0.28,red,red,red,152.02764404108288,125.8,3.141592653589793,149.64534630780827,125.79735871091225,-3.1397191319499065
15.15609380800015,54507000000,inner_middle_cross_reverse,2.5129312442527185,5.461513532244725,0.4601162716921593,route/left from camera_sign_turn_left: inner_middle_cross_reverse delta=+92.1deg,,,,camera_sign_turn_right,camera_sign_turn_left,False,False,0.28,0.28,red,red,red,150.83561487251515,125.8,3.141592653589793,148.21386223453527,125.8000852998606,-3.1396906196625536
15.248236702000213,54608000000,inner_middle_cross_reverse,2.5411444432129637,5.461513532244725,0.46528209226436423,route/left from camera_sign_turn_left: inner_middle_cross_reverse delta=+92.1deg,,,,camera_sign_speed_limit,camera_sign_turn_left,False,False,0.28,0.28,red,yellow,yellow,149.631851716878,125.8,3.141592653589793,147.25967175629734,125.80215118782445,-3.1397388721103288
15.454577163999602,54805000000,inner_middle_cross_reverse,2.5961678404832775,5.461513532244725,0.47535684479321105,route/left from camera_sign_turn_left: inner_middle_cross_reverse delta=+92.1deg,,,,camera_sign_turn_right,camera_sign_turn_left,False,False,0.28,0.28,red,yellow,yellow,147.28418676667795,125.8,3.141592653589793,144.87452539193558,125.80748052433326,-3.140020105582977
15.649843624999448,55004000000,inner_middle_cross_reverse,2.651744508451295,5.461513532244725,0.4855329008699549,route/left from camera_sign_turn_left: inner_middle_cross_reverse delta=+92.1deg,,,,camera_sign_turn_right,camera_sign_turn_left,False,False,0.28,0.28,red,green,green,144.91291560004254,125.8,3.141592653589793,142.48963653528034,125.81223228628397,-3.1404100158560566
15.750780202999522,55109000000,inner_middle_cross_reverse,2.681068707195556,5.461513532244725,0.49090214486635464,route/left from camera_sign_turn_left: inner_middle_cross_reverse delta=+92.1deg,,,,camera_sign_turn_right,camera_sign_turn_left,False,False,0.28,0.28,red,green,green,143.66174978695406,125.8,3.141592653589793,141.29720852943274,125.81428284510935,-3.1406147382596714
15.857823960999667,55215000000,inner_middle_cross_reverse,2.710672703608128,5.461513532244725,0.4963226196555848,route/left from camera_sign_turn_left: inner_middle_cross_reverse delta=+92.1deg,,,,camera_sign_turn_right,camera_sign_turn_left,False,False,0.28,0.28,red,green,green,142.39864594001767,125.8,3.141592653589793,139.8662656457391,125.81644494129586,-3.1408511463610047
15.952340752000055,55316000000,inner_middle_cross_reverse,2.738880657301863,5.461513532244725,0.5014874798224956,route/left from camera_sign_turn_left: inner_middle_cross_reverse delta=+92.1deg,,,,camera_sign_turn_right,camera_sign_turn_left,False,False,0.28,0.28,red,green,green,141.1951065824183,125.8,3.141592653589793,138.67379422093626,125.81799527580314,-3.1410397603555626
16.053459758999452,55417000000,inner_middle_cross_reverse,2.7670893195252932,5.461513532244725,0.5066524697207878,route/left from camera_sign_turn_left: inner_middle_cross_reverse delta=+92.1deg,,,,camera_sign_turn_right,camera_sign_turn_left,False,False,0.28,0.28,red,green,green,139.99153699421862,125.8,3.141592653589793,137.4812959296684,125.81926723790004,-3.1412124138644546
16.254215885999656,55614000000,inner_middle_cross_reverse,2.8221122029258043,5.461513532244725,0.516727128160368,route/left from camera_sign_turn_left: inner_middle_cross_reverse delta=+92.1deg,,,,camera_sign_turn_right,camera_sign_turn_left,False,False,0.28,0.28,red,green,green,137.64389396913015,125.8,3.141592653589793,135.09621949496835,125.82091405971588,-3.1414909441111147
16.354363137999826,55714000000,inner_middle_cross_reverse,2.8500435134578113,5.461513532244725,0.5218413351227972,route/left from camera_sign_turn_left: inner_middle_cross_reverse delta=+92.1deg,,,,camera_sign_turn_right,camera_sign_turn_left,False,False,0.28,0.28,red,green,green,136.45215805309786,125.8,3.141592653589793,133.9036453655603,125.8213538271843,-3.1415919699003534
16.555512326999633,55913000000,inner_middle_cross_reverse,2.9056280775620156,5.461513532244725,0.5320188369775548,route/left from camera_sign_turn_left: inner_middle_cross_reverse delta=+92.1deg,,,,camera_sign_turn_right,camera_sign_turn_left,False,False,0.28,0.28,red,green,green,134.0805499846518,125.8,3.141592653589793,131.5184326910741,125.82175902598635,3.1414688492309155
16.663114480999866,56015000000,inner_middle_cross_reverse,2.934119714217374,5.461513532244725,0.5372356393322765,route/left from camera_sign_turn_left: inner_middle_cross_reverse delta=+92.1deg,,,,camera_sign_turn_right,camera_sign_turn_left,False,False,0.28,0.28,green,green,green,132.86490682068984,125.8,3.141592653589793,130.3257988795007,125.82184248739892,3.141427408112532
16.75709182099945,56117000000,inner_middle_cross_reverse,2.9626128008549464,5.461513532244725,0.542452707177911,route/left from camera_sign_turn_left: inner_middle_cross_reverse delta=+92.1deg,,,,camera_sign_turn_right,camera_sign_turn_left,False,False,0.28,0.28,green,green,green,131.6492017908201,125.8,3.141592653589793,129.1331354007745,125.82188484079568,3.141383539458091
16.857925610000166,56218000000,inner_middle_cross_reverse,2.990828217843315,5.461513532244725,0.5476189338697951,route/left from camera_sign_turn_left: inner_middle_cross_reverse delta=+92.1deg,,,,camera_sign_turn_right,camera_sign_turn_left,False,False,0.28,0.28,green,green,green,130.44534399931635,125.8,3.141592653589793,127.9404378666749,125.82187241507538,3.1413341095555816
17.059058859000288,56416000000,inner_middle_cross_reverse,3.046147083057737,5.461513532244725,0.5577477864099967,route/left from camera_sign_turn_left: inner_middle_cross_reverse delta=+92.1deg,,,,camera_sign_turn_right,camera_sign_turn_left,False,False,0.28,0.28,green,green,green,128.08507241683435,125.8,3.141592653589793,125.55490862379916,125.82169609819624,3.141224756709648
17.15925618700021,56517000000,inner_middle_cross_reverse,3.0743681763349526,5.461513532244725,0.5629150524271178,route/left from camera_sign_turn_left: inner_middle_cross_reverse delta=+92.1deg,,,,camera_sign_turn_right,camera_sign_turn_left,False,False,0.28,0.28,green,green,green,126.88097243700649,125.8,3.141592653589793,124.36205782583559,125.82156589351821,3.141171934968325
17.25937223799974,56621000000,inner_middle_cross_reverse,3.1034296736698286,5.461513532244725,0.5682361959459056,route/left from camera_sign_turn_left: inner_middle_cross_reverse delta=+92.1deg,,,,camera_sign_turn_right,camera_sign_turn_left,False,False,0.28,0.28,green,green,green,125.64101521738512,125.8,3.141592653589793,123.16914621114128,125.82141818304046,3.1411227769645174
17.464647814999807,56818000000,inner_middle_cross_reverse,3.1584860466483478,5.461513532244725,0.57831698630804,route/left from camera_sign_turn_left: inner_middle_cross_reverse delta=+92.1deg,,,,camera_sign_turn_right,camera_sign_turn_left,False,False,0.28,0.28,green,green,green,123.29194330363497,125.8,3.141592653589793,120.78313651808926,125.82102561042598,3.141022283928242
