stamp_s,segment_id,x,y,z,yaw,map_x,map_y,linear_cmd,angular_cmd
0.2879483699798584,2,-1.828125,2.179688,0.018138,-3.141592307179587,50.0,47.79997866666666,0.0,0.0
9.425023794174194,2,-1.8743499994734183,2.179689393292023,-0.0019999591771318096,-3.1410862347687742,48.02773335580082,47.79991921954034,0.08,0.0
10.01230001449585,2,-1.9207300859254874,2.179671657098506,-0.0020032843989481043,-3.1409822859217935,46.0488496671792,47.800675963797076,0.08,0.0
10.582819938659668,2,-1.9671038557747764,2.179647837511332,-0.001999988485939225,-3.140876923559374,44.07023548694288,47.80169226618317,0.08,0.0
11.163821697235107,2,-2.0134514778340034,2.1796237424103126,-0.001999978923023695,-3.1407011120807566,42.092736945749195,47.80272032382666,0.08,0.0
11.743789196014404,2,-2.0598267195090707,2.179592591172474,-0.001999981249721089,-3.1405033168540957,40.11405996761299,47.804049443307775,0.08,0.0
12.324154138565063,2,-2.1060812993599094,2.179542288411269,-0.0019984417035664517,-3.1404536170995696,38.14053122731053,47.80619569445251,0.08,0.0
12.914448022842407,2,-2.152309879314222,2.1794908388569945,-0.0020043095200546297,-3.1404779540545613,36.16811181592652,47.80839087543491,0.08,0.0
16.26805281639099,2,-2.1721640778454625,2.19532910188179,-0.001999979483655619,-2.939877769140501,35.32099934526026,47.13262498637695,0.0,0.25
17.129053115844727,2,-2.176853473278592,2.2106225943841245,-0.0019999272005692056,-2.738209122262615,35.12091847344675,46.48010263961069,0.0,0.25
17.961775064468384,2,-2.1846505879944775,2.224505285605887,-0.0020030200120364043,-2.5364113805226016,34.78824157890229,45.88777448081548,0.0,0.25
18.770358562469482,2,-2.195799504969838,2.2360319951175223,-0.001999956899427984,-2.3345009764869253,34.31255445462024,45.39596820831905,0.0,0.25
19.596051692962646,2,-2.2092206962034076,2.2449963361292635,-0.0019999435198493143,-2.132550536542264,33.739916961987944,45.01348965848476,0.0,0.25
20.41619849205017,2,-2.223828155554089,2.2516084750364787,-0.002003102386664269,-1.93194626230418,33.11666536302555,44.73137173177692,0.0,0.25
21.23599338531494,2,-2.239524901450447,2.2554068202737088,-0.0020092256436659243,-1.7302040817481357,32.446937538114256,44.5693090016551,0.0,0.25
25.69896912574768,2,-2.252356278021003,2.2120389771119373,-0.0020043113746273434,-1.5665820630346803,31.89946547110388,46.41967030989068,0.04,0.0
26.604748725891113,2,-2.252221613336628,2.165979380818436,-0.0019996396475133425,-1.5654146152726198,31.905211164303864,48.38487975174674,0.08,0.0
27.184251308441162,2,-2.2520290282717137,2.11971623565096,-0.0019999885455383817,-1.5645308569593408,31.913428127073544,50.35877394555904,0.12,0.0
27.56229281425476,2,-2.2518408040565063,2.07431727172246,-0.0020013946128833687,-1.5626648709752542,31.921459026922392,52.29579640650839,0.12,0.0
27.941670656204224,2,-2.2515701213151558,2.0273155976909347,-0.001999983684556317,-1.5605739304702029,31.933008157220016,54.30120116518678,0.16,0.0
28.242924690246582,2,-2.251134916657087,1.9793612196822128,-0.0020001762879569233,-1.5596030012604836,31.951576889297613,56.34725462689225,0.16,0.0
28.543973445892334,2,-2.2506480522456447,1.9314152104175581,-0.0019999978407527685,-1.5586404938474827,31.97234977085249,58.39295102218419,0.16,0.0
28.84502601623535,2,-2.250147242081022,1.8834653448168817,-0.002001392479434449,-1.5572054192219063,31.993717671209723,60.43881195447972,0.16,0.0
29.14724898338318,2,-2.2495809553683164,1.8355140460289574,-0.0020014101302851246,-1.5555908879111153,32.0178792376185,62.48473403609782,0.16,0.0
29.444190502166748,2,-2.248934743390508,1.7875645173538774,-0.002001416442305804,-1.5539679172832441,32.04545094867166,64.53058059290123,0.16,0.0
29.706002712249756,2,-2.2482272489719466,1.742145084665029,-0.002002718406111413,-1.5527791985293007,32.07563737719694,66.46847638762543,0.2,0.0
29.945806980133057,2,-2.2474319679984416,1.6941897008481002,-0.0020016921792913663,-1.551491699802631,32.10956936539982,68.51457276381439,0.2,0.0
30.185287714004517,2,-2.246573636649973,1.6462335244756257,-0.002001721471443036,-1.5502083182926614,32.146191502934485,70.56070295570663,0.2,0.0
30.382748126983643,2,-2.2456907471259764,1.6008090050407724,-0.0020017314496937255,-1.5491714005787103,32.183861455958336,72.49881578492705,0.24000000000000002,0.0
30.58485221862793,2,-2.244708712612645,1.5528494482767268,-0.0020017037666762235,-1.548099679768793,32.225761595193816,74.54509020685967,0.24000000000000002,0.0
30.786202907562256,2,-2.2436436395855273,1.5042181899402614,-0.001999942338984082,-1.5472424198465848,32.2712047110175,76.62002389588218,0.28,0.0
30.967875242233276,2,-2.242505710410713,1.4538580247659187,-0.0020014081632168932,-1.5462894335316684,32.31975635580959,78.76872427665413,0.28,0.0
31.146931171417236,2,-2.2413192582521066,1.4034996373911766,-0.0020014149686625685,-1.5453229537601716,32.37037831457678,80.91734880464313,0.28,0.0
31.306939363479614,2,-2.2401162159520163,1.354855564951946,-0.002003537474499842,-1.5444525616731533,32.42170811938064,82.99282922871697,0.32,0.0
31.468525648117065,2,-2.2388103570296436,1.30369902212844,-0.0020013352232364583,-1.5436842940919644,32.47742476673521,85.17550838918658,0.32,0.0
31.628851890563965,2,-2.237465845731455,1.25254094594566,-0.0020014166375095623,-1.5428311984602274,32.534790582124586,87.35825297298518,0.32,0.0
31.78986930847168,2,-2.2360769825400206,1.2013843621551623,-0.002001410776908271,-1.5419744160701165,32.594048744959125,89.54093388137974,0.32,0.0
31.949202299118042,2,-2.2346454789912724,1.1502285048241925,-0.0020013949019589026,-1.5411248971647378,32.655126229705715,91.72358379416778,0.32,0.0
32.109912157058716,2,-2.2331708909012002,1.0990737962232668,-0.0020014038832380054,-1.5402773024874539,32.71804198821546,93.90618469447395,0.32,0.0
32.26888585090637,2,-2.231651487692352,1.047920793647569,-0.0020014172762526238,-1.5394243097584093,32.78286985845965,96.08871280437039,0.32,0.0
32.4250545501709,2,-2.2300883811057752,0.9967691264383702,-0.002001404737350875,-1.5385717403269232,32.849562406153595,98.27118393862953,0.32,0.0
32.58496570587158,2,-2.2284830482125604,0.9456183601912902,-0.002001394688658186,-1.5377260337657728,32.91805660959743,100.45361663183829,0.32,0.0
32.743051290512085,2,-2.226833989252488,0.8944690564246691,-0.0020014100124306857,-1.5368797023462477,32.98841645856051,102.63598692588079,0.32,0.0
32.90651035308838,2,-2.2251403712237847,0.8433216672269384,-0.002001415879411224,-1.5360273800771427,33.06067749445185,104.81827553165063,0.32,0.0
33.06886148452759,2,-2.223403747234173,0.7921754319104961,-0.0020013990335367897,-1.535179776430934,33.13477345134196,107.00051490515216,0.32,0.0
33.22696900367737,2,-2.2216249028108552,0.7410303877550543,-0.0020013976801036217,-1.5343370637052594,33.21067081340351,109.18270345578435,0.32,0.0
33.38865828514099,2,-2.2198018093538874,0.6898871264600438,-0.002001414933628647,-1.533491228329676,33.28845613423414,111.3648159377048,0.32,0.0
33.55057740211487,2,-2.21793467201579,0.638745806284284,-0.002001411632028644,-1.532641162184628,33.36812066065961,113.54684559853722,0.32,0.0
33.71079921722412,2,-2.2160251892719707,0.587605595775444,-0.00200139527653172,-1.5317982774617112,33.44959192439592,115.72882791358106,0.32,0.0
33.87235355377197,2,-2.2140730822706876,0.5364668932668494,-0.0020014030182531075,-1.530957715539844,33.532881823117336,117.9107458872811,0.32,0.0
34.02883791923523,2,-2.212076542369233,0.4853302906525005,-0.002001417258325817,-1.530111948282641,33.618067525579406,120.09257426549331,0.32,0.0
34.19012928009033,2,-2.2100365972542058,0.4341954729335689,-0.002001405723110239,-1.529265893156766,33.70510518382055,122.27432648816773,0.32,0.0
34.350953578948975,2,-2.207954764498813,0.38306190782437743,-0.0020013945619099115,-1.528426951982953,33.79393004805064,124.4560252661599,0.32,0.0
34.510257720947266,2,-2.2058296770885697,0.3319301716669151,-0.0020014091783940764,-1.5275877628542318,33.88460044422102,126.63764600887829,0.32,0.0
34.666783809661865,2,-2.203660371877241,0.2808007644026679,-0.0020014163486978312,-1.5267424663177727,33.97715746657104,128.81916738548617,0.32,0.0
34.82730507850647,2,-2.2014483470059907,0.22967293235625028,-0.0020013998626356557,-1.5259013642066412,34.071537194411064,131.0006215528,0.32,0.0
34.996901750564575,2,-2.1991945056902926,0.17854663379745517,-0.0020013971042434613,-1.5250655328826415,34.16770109054751,133.1820102913086,0.32,0.0
35.15794897079468,2,-2.196896857178896,0.12742248971107228,-0.0020014143870296674,-1.5242269311403176,34.26573409370043,135.3633071056609,0.32,0.0
35.30968189239502,2,-2.194555482460718,0.07630072290664969,-0.0020014124705843516,-1.5233835983153112,34.365632748342705,137.54450248931627,0.32,0.0
35.47142243385315,2,-2.1921720559361,0.025180445034877003,-0.002001395723646377,-1.5225473122210558,34.46732561339307,139.72563434517858,0.32,0.0
35.633293867111206,2,-2.1897464623455445,-0.025937977989887753,-0.0020014021753767615,-1.5217137510618974,34.5708176065901,141.90668706090187,0.32,0.0
35.792298793792725,2,-2.1872768283584665,-0.07705392155180535,-0.0020014171668218785,-1.5208752114652235,34.676188656705435,144.08763398621036,0.32,0.0
35.95403337478638,2,-2.1847640927821805,-0.12816763700999598,-0.0020014067124809625,-1.520035662553364,34.7833987079603,146.2684858457598,0.32,0.0
36.11315035820007,2,-2.182209801907231,-0.1792797553140239,-0.0020013945132867712,-1.519203451788656,34.89238178529148,148.44926956006503,0.32,0.0
36.27086853981018,2,-2.179612731360433,-0.2303896913831332,-0.002001408323976239,-1.5183713731304835,35.00319012862151,150.62996016568036,0.32,0.0
36.43217420578003,2,-2.176971791288536,-0.2814968978593716,-0.0020014167511218706,-1.5175331264335807,35.1158702383558,152.81053430866652,0.32,0.0
36.59327507019043,2,-2.1742884223163514,-0.3326021108087414,-0.0020014007326989206,-1.5166984970565058,35.23036064783567,154.9910233945063,0.32,0.0
36.7537841796875,2,-2.1715636336616897,-0.3837054587895369,-0.002001396589700122,-1.515869511228857,35.346618297101244,157.17143290835358,0.32,0.0
36.911349058151245,2,-2.1687954877344793,-0.43480629341597854,-0.002001413785538318,-1.5150381197541263,35.46472585666221,159.35173518574842,0.32,0.0
37.07449293136597,2,-2.1659839389886733,-0.48590432636765146,-0.0020014132678610437,-1.514201539338699,35.5846852698166,161.5319179250198,0.32,0.0
37.2319610118866,2,-2.1631306315135617,-0.5370004945797303,-0.0020013962411987232,-1.5133718163053707,35.70642638875471,163.7120211020685,0.32,0.0
37.39278507232666,2,-2.1602356104692935,-0.5880944736604421,-0.00200140135944776,-1.5125452217644162,35.829947286643474,165.89203087617886,0.32,0.0
37.56436586380005,2,-2.1572969507073108,-0.6391856069771865,-0.002001417002679221,-1.5117139091516645,35.955330103154736,168.0719192310266,0.32,0.0
37.71709060668945,2,-2.1543154987431077,-0.6902740764380304,-0.002001407698437093,-1.5108808632690722,36.08253872029407,170.25169392802263,0.32,0.0
37.874683141708374,2,-2.151292817878181,-0.7413606106430051,-0.0020013945435633047,-1.5100553471141593,36.21150643719761,172.43138605410155,0.32,0.0
38.036760568618774,2,-2.148227834905677,-0.7924446222896376,-0.00200140745511579,-1.5092303457281422,36.34227904402445,174.61097055102454,0.32,0.0
38.193538427352905,2,-2.145119337505569,-0.8435255176823434,-0.00200141708400333,-1.5083991746368015,36.474908266429054,176.79042208777997,0.32,0.0
38.356199741363525,2,-2.141968707392303,-0.8946040038346865,-0.0020014016385410567,-1.5075709864381255,36.609335151261746,178.96977083027997,0.32,0.0
38.52947211265564,2,-2.1387770461281796,-0.9456803045161268,-0.0020013961403101267,-1.5067488140258727,36.745512698531,181.1490263260214,0.32,0.0
38.676631450653076,2,-2.1355424852110807,-0.9967537452997335,-0.0020014131334493484,-1.5059246070404024,36.883520630993885,183.3281597994553,0.32,0.0
38.83463764190674,2,-2.1322648501494648,-1.0478239729206458,-0.002001414018627962,-1.5050948085492726,37.02336639362284,185.50715617794756,0.32,0.0
38.99818706512451,2,-2.1289457503400806,-1.0988919622680924,-0.0020013968259847453,-1.5042716120771633,37.16498131882322,187.68605705677194,0.32,0.0
39.155744552612305,2,-2.125585385685693,-1.1499574405934874,-0.0020014005767201716,-1.503451950309317,37.30835687741042,189.86485079865545,0.32,0.0
39.31825637817383,2,-2.1221817932114604,-1.2010197197693173,-0.0020014167673123263,-1.5026278587464652,37.453576822977695,192.04350804349087,0.32,0.0
39.48140048980713,2,-2.118735722683468,-1.2520789089300997,-0.00200140867464884,-1.501801332932188,37.60060916550536,194.22203344768425,0.32,0.0
39.638694286346436,2,-2.11524874583752,-1.3031358290025405,-0.002001394652851276,-1.5009824715516142,37.749386844265814,196.40046203744174,0.32,0.0
39.79803228378296,2,-2.1117199455894196,-1.3541898993101662,-0.0020014065792540526,-1.5001645138344704,37.89994898818476,198.57876903723377,0.32,0.0
39.95649695396423,2,-2.1081479923683597,-1.4052404812007078,-0.002001417345146015,-1.4993404492402709,38.05235232561665,200.75692719789686,0.32,0.0
40.118913888931274,2,-2.1045342090825616,-1.4562882407836197,-0.0020014025762805296,-1.4985186760587603,38.206540412477366,202.9349649401011,0.32,0.0
40.27988004684448,2,-2.1008797751412285,-1.507333504368535,-0.0020013957594364673,-1.4977032833321167,38.36246292730759,205.11289618639083,0.32,0.0
40.440277099609375,2,-2.097182905996648,-1.5583755738204546,-0.0020014124354166014,-1.4968862320448857,38.520196010809684,207.29069114967274,0.32,0.0
41.95847487449646,2,-2.0941412241897743,-1.6034542180812177,-0.002000211662663863,-1.4970734424197456,38.64997443456963,209.21404663813195,0.04,0.0
43.09810256958008,2,-2.0910915279230244,-1.6487696538277188,-0.0020014029889697574,-1.4913801156426452,38.78009480861762,211.14750522998267,0.04,0.0
56.919981718063354,2,-2.097314621969353,-1.6934046983448292,-0.001999841198882639,-1.3675249942932135,38.51457612930761,213.05193379604606,0.0,0.25
57.780654191970825,2,-2.112545293738074,-1.698080071354186,-0.00200378796864826,-1.1668575890898258,37.86473413384216,213.25141637777858,0.0,0.25
58.602416038513184,2,-2.1263101368215724,-1.7063101676352486,-0.0020057046987520437,-0.9642663690232874,37.277434162279576,213.60256715243725,0.0,0.25
59.42045545578003,2,-2.138026094332364,-1.7173014034181449,-0.0019999693798664784,-0.7617509057114589,36.77755330848579,214.07152654584087,0.0,0.25
60.24198794364929,2,-2.1471722172011836,-1.730387416816246,-0.001999942806498291,-0.5614763156142902,36.387318732749506,214.6298631174932,0.0,0.25
61.082202196121216,2,-2.153909842338033,-1.7450973646743548,-0.0020017424576087364,-0.3587902567225905,36.099846726910584,215.25748755943914,0.0,0.25
61.923465728759766,2,-2.157650338592516,-1.760795400780292,-0.0020036904173825632,-0.1570325843669942,35.94025222005264,215.92727043329245,0.0,0.25
64.28885865211487,2,-2.1138914612932167,-1.7718720909240138,-0.002004089735559259,-0.03971702133099118,37.80729765148942,216.3998758794246,0.08,0.0
64.70607399940491,2,-2.066868357647562,-1.7737220242882377,-0.0019999082347086855,-0.04006638495314983,39.813616740370676,216.47880636963146,0.12,0.0
65.02664732933044,2,-2.021431452225458,-1.7754950936941165,-0.002003728534225931,-0.04085075414474684,41.75225803838045,216.554457330949,0.16,0.0
65.32858729362488,2,-1.973495827210089,-1.7774142565517796,-0.001999984557524919,-0.04129851666250418,43.79751137236953,216.63634161287592,0.16,0.0
65.63721013069153,2,-1.9255425029604234,-1.779357914245486,-0.0019999304229598013,-0.04169099136057279,45.84351987368861,216.71927100780738,0.16,0.0
65.93028688430786,2,-1.8775915537648968,-1.7813206500597905,-0.0019999494927925806,-0.04204162352503314,47.889427039364406,216.80301440255107,0.16,0.0
66.22807669639587,2,-1.829649154950174,-1.783296790004303,-0.001998983489587304,-0.04244867940993152,49.93496938879257,216.88732970685027,0.16,0.0
66.52564001083374,2,-1.7817294292626265,-1.7852896764892956,-0.0019999836107559353,-0.04297128363174141,51.97954435146127,216.97235953020993,0.16,0.0
66.83081555366516,2,-1.7338248606944375,-1.7873075185275935,-0.001999070026496226,-0.0436095346398787,54.02347261037066,217.058454123844,0.16,0.0
67.12743830680847,2,-1.6858779343534496,-1.789362657957548,-0.0020000554622892843,-0.04396418023874368,56.06920813425282,217.14614007285536,0.16,0.0
67.43208503723145,2,-1.6379406764143538,-1.7914307241722869,-0.001999956720631928,-0.044373469539149175,58.11453113965423,217.23437756468422,0.16,0.0
67.73169541358948,2,-1.5900174174076844,-1.7935182883936578,-0.0020012344297835405,-0.04483591567077782,60.159256857272126,217.32344697146272,0.16,0.0
68.03012251853943,2,-1.5421172352044334,-1.7956251180061737,-0.0020014598961834757,-0.045487971927092044,62.202997964610844,217.4133383682634,0.16,0.0
68.33050346374512,2,-1.4941898147622417,-1.7977701808860642,-0.001999981545700788,-0.04593015167012358,64.24790123681103,217.50486105113873,0.16,0.0
68.63029313087463,2,-1.4462588805309746,-1.7999333406219102,-0.0020037279716429613,-0.04634565091056093,66.2929544306784,217.59715586653482,0.16,0.0
68.93378901481628,2,-1.3983396491615592,-1.8021144545549348,-0.002004239940713188,-0.04681181119406972,68.33750830244014,217.69021672767724,0.16,0.0
69.23421454429626,2,-1.3504420876613874,-1.8043167799976163,-0.002002839376150506,-0.04745974341470992,70.38113759311415,217.78418261323162,0.16,0.0
69.53179955482483,2,-1.3025183744121407,-1.806556340119688,-0.0020026965152161185,-0.04789189119417014,72.42588269174865,217.87973717844,0.16,0.0
69.83364701271057,2,-1.2545940532030897,-1.8088130313583652,-0.001999964159443041,-0.04831528822298367,74.47065373000152,217.97602267129025,0.16,0.0
70.13506126403809,2,-1.206678767778824,-1.811088771749656,-0.0019990745135163605,-0.048780123706967535,76.51503924143685,218.07312092798531,0.16,0.0
70.43721795082092,2,-1.1587873543849392,-1.8133852327036675,-0.002001044038138244,-0.0494305018445847,78.55840621290926,218.17110326202317,0.16,0.0
70.73356819152832,2,-1.1108836439525318,-1.8157140555272493,-0.0019999851291654185,-0.04997657810793972,80.60229785802531,218.27046636916265,0.16,0.0
71.03864765167236,2,-1.06296418593854,-1.818070490625995,-0.002000000959465066,-0.05038559660125643,82.64686139995564,218.37100760004245,0.16,0.0
71.33343982696533,2,-1.01505577291263,-1.820444498665262,-0.0020038487824188636,-0.050869604845280324,84.69095368906113,218.47229860971783,0.16,0.0
71.63586091995239,2,-0.967162169463789,-1.8228453253234391,-0.002002601618760423,-0.05143818141088014,86.73441410287833,218.57473388046674,0.16,0.0
71.93869876861572,2,-0.919253796530667,-1.8252737079979031,-0.0020027438589352146,-0.051908373507335556,88.77850468135821,218.6783448745772,0.16,0.0
72.2373640537262,2,-0.87133939469845,-1.8277223895519992,-0.002003708841313321,-0.05231944922706402,90.82285249286613,218.7828219542186,0.16,0.0
72.53878140449524,2,-0.8234356962717962,-1.8301894308985471,-0.0019999650430855883,-0.052804290486090526,92.86674362573669,218.88808238500468,0.16,0.0
72.83865904808044,2,-0.7755421430978057,-1.8326834069549218,-0.002002712443983324,-0.05334061373022228,94.91020189449362,218.99449203007669,0.16,0.0
73.1450674533844,2,-0.727617383191803,-1.8352048712999047,-0.002002693619750431,-0.053681908182153494,96.95499165048307,219.1020745087959,0.16,0.0
73.44542717933655,2,-0.6797122197776245,-1.8377351468052785,-0.001999970523937993,-0.05414884081448619,98.99894528948802,219.21003293035852,0.16,0.0
73.73721814155579,2,-0.6318169752003773,-1.8402882883636398,-0.0020058224896155226,-0.05467447121276766,101.0424757247839,219.31896697018198,0.16,0.0
74.03974223136902,2,-0.5839273971273978,-1.8428722761155398,-0.00199993782120524,-0.055201305543321665,103.08576438923103,219.42921711426305,0.16,0.0
74.33642292022705,2,-0.5360074046989677,-1.845482858025632,-0.001999959334712163,-0.055541095900185286,105.13035073284405,219.54060194242697,0.16,0.0
74.64194798469543,2,-0.48810636688269454,-1.8481025059270049,-0.0020000690913190952,-0.05600508935606425,107.17412834633836,219.65237358621886,0.16,0.0
74.94596147537231,2,-0.44021883052494876,-1.8507446135416747,-0.002000619255551647,-0.05654630115206299,109.21732989760218,219.76510351111148,0.16,0.0
75.2401614189148,2,-0.39231506868301347,-1.853420287754577,-0.0020027349630981294,-0.05697017688758328,111.26122373619143,219.87926561086192,0.16,0.0
75.54004502296448,2,-0.3443997501634267,-1.8561157207831964,-0.0020027458603896053,-0.05730832340339668,113.3056106596938,219.9942707534164,0.16,0.0
75.84103155136108,2,-0.2965255743902392,-1.8588137634824788,-0.002003304238194841,-0.057945212043713036,115.3482421593498,220.10938724191908,0.16,0.0
76.14410090446472,2,-0.2486575048259106,-1.8615506771097567,-0.002003696930830415,-0.05855396241760384,117.39061312742781,220.2261622233496,0.16,0.0
76.44511270523071,2,-0.2007874283022654,-1.8643216801106046,-0.0019994575061087665,-0.059091337469503846,119.43306972577001,220.34439168471914,0.16,0.0
76.75650882720947,2,-0.15288078872748975,-1.8671183889431238,-0.001999960981189899,-0.05944804460901348,121.47708634762711,220.46371792823993,0.16,0.0
77.04339122772217,2,-0.10500788649173062,-1.8699190102853234,-0.0019999609641546423,-0.06006834182940007,123.51966350968615,220.58321110550713,0.16,0.0
77.34054613113403,2,-0.057135095487412704,-1.8727565319835258,-0.0019994138570494204,-0.06064060934791312,125.5622359258704,220.7042786979638,0.16,0.0
77.64387130737305,2,-0.009251813781182054,-1.8756241783530156,-0.002002736473353779,-0.061165495289861496,127.60525594533624,220.82663160972868,0.16,0.0
77.94630575180054,2,0.03865085021926864,-1.8785192356441756,-0.0020012499828670474,-0.061511583016815065,129.64910294268878,220.95015405415148,0.16,0.0
78.24609732627869,2,0.08653028616772335,-1.8814257143222821,-0.0020026984610845644,-0.06201544911885405,131.69195887648954,221.07416381108402,0.16,0.0
78.54715466499329,2,0.13439372209844436,-1.8843568907072474,-0.0020038388564972056,-0.0626035502687585,133.73413214286697,221.19922733684257,0.16,0.0
78.84398174285889,2,0.18227445118960123,-1.887319068226722,-0.0019999455603452333,-0.06311281607100207,135.77704325075632,221.3256135776735,0.16,0.0
79.1568193435669,2,0.23017028082932228,-1.8903073171461275,-0.001999965429481207,-0.06345954359889522,137.82059864871775,221.45311219823475,0.16,0.0
79.4548966884613,2,0.2780378781364696,-1.893303704441503,-0.0019999875825797583,-0.06403891627816038,139.86294946715603,221.5809580561708,0.16,0.0
79.74578166007996,2,0.32589366413019794,-1.8963330452211495,-0.0020042529179937793,-0.06463412491517308,141.90479633622178,221.71020992943573,0.16,0.0
80.04781365394592,2,0.3737680391295178,-1.899395106054346,-0.002000051667997808,-0.0650824043550916,143.94743633619277,221.84085785831877,0.16,0.0
80.34795641899109,2,0.42165331679959817,-1.9024732409487888,-0.0019999475373251654,-0.06547299095387762,145.99054151678286,221.97219161381497,0.16,0.0
80.64619851112366,2,0.46952708884362676,-1.9055729114991042,-0.0019999567396897532,-0.06591675417134574,148.0331557906614,222.10444422396176,0.16,0.0
80.94964337348938,2,0.5173731323154285,-1.9086912819635824,-0.0019996930069181985,-0.06653716822766947,150.07458697879161,222.23749469711282,0.16,0.0
81.24759984016418,2,0.5652345654578261,-1.9118455722417225,-0.002000053552656389,-0.06700890271212508,152.11667479286726,222.37207774898013,0.16,0.0
81.548419713974,2,0.6131109912788555,-1.915016136712681,-0.001999978746589888,-0.06741027936846947,154.1594022945645,222.5073551664077,0.16,0.0
81.84558892250061,2,0.6609809244448017,-1.9182070950096477,-0.0020003766004570993,-0.06785143084427345,156.20185277631154,222.64350272041162,0.16,0.0
82.1491584777832,2,0.7088204532524539,-1.9214192057632586,-0.0019994455514606405,-0.06846920723136146,158.24300600543802,222.78055277923238,0.16,0.0
82.44839549064636,2,0.7566916041037298,-1.9246669198814303,-0.001999978888187827,-0.06883641538281866,160.28550844175913,222.919121914941,0.16,0.0
82.7530267238617,2,0.8045606312668969,-1.927926064943367,-0.0020025374477645997,-0.06924904345616403,162.3279202673876,223.05817877091698,0.16,0.0
83.05199122428894,2,0.8523983632218376,-1.9312012642713965,-0.001999960833002927,-0.06984234826201298,164.3689968307984,223.1979206089129,0.16,0.0
83.34838271141052,2,0.9002324011200348,-1.9345095891798039,-0.002003739635416905,-0.0704322499545897,166.40991578112147,223.33907580500494,0.16,0.0
83.66210055351257,2,0.9480995719364645,-1.9378512705864315,-0.001999952775922899,-0.07078739717846745,168.4522484026225,223.48165421168773,0.16,0.0
83.95173358917236,2,0.9959611926378857,-1.9412034291880753,-0.0020026895433544177,-0.07120354158590514,170.49434421921646,223.6246796453579,0.16,0.0
84.25093746185303,2,1.0437931451355553,-1.9445727244064632,-0.002000786469460965,-0.0717897724548613,172.53517419245037,223.76843624134244,0.16,0.0
84.55392670631409,2,1.091643160765114,-1.94797716707454,-0.0019999332738974414,-0.0722434901943369,174.57677485931154,223.91369246184706,0.16,0.0
84.85333132743835,2,1.1395102299889108,-1.9514053662321522,-0.0019999544209220654,-0.07256697199458659,176.61910314619354,224.0599622925718,0.16,0.0
85.15410232543945,2,1.1873528862710305,-1.9548331348127648,-0.0020033864800562302,-0.07311759806232505,178.66038981423063,224.2062137520113,0.16,0.0
85.45285415649414,2,1.2351712749352217,-1.9582947422891375,-0.0020031518010855077,-0.07373747380111981,180.7006410639028,224.35390900433651,0.16,0.0
85.76709485054016,2,1.2829946628809228,-1.9617903297902315,-0.00200003997734945,-0.07430762456294378,182.7411056162527,224.50305407104986,0.16,0.0
86.05468034744263,2,1.3308545325719383,-1.9653173600067446,-0.0020000604843235857,-0.07462942218971254,184.78312672306936,224.6535406936211,0.16,0.0
86.35537385940552,2,1.3786945916692888,-1.9688495490573323,-0.0020041148153412355,-0.07510435184064773,186.82430257788965,224.80424742644618,0.16,0.0
86.6538405418396,2,1.4265131948406766,-1.9724036796539437,-0.001999973163397812,-0.07571289557397325,188.86456297986888,224.95589033190157,0.16,0.0
86.95875358581543,2,1.4743329213252196,-1.9759945412339148,-0.0019999353147629384,-0.07625552813587619,190.90487130987603,225.1091004259804,0.16,0.0
87.25596380233765,2,1.522185822402168,-1.9796148251733408,-0.001999957237474723,-0.07657581171561836,192.9465950891592,225.26356587406252,0.16,0.0
87.5559184551239,2,1.5700073440224935,-1.9832322290440423,-0.001999998920909103,-0.07718735775324745,194.98698001162637,225.41790843921245,0.16,0.0
87.8552794456482,2,1.6178131151742123,-1.9868903641076558,-0.0020004096844996482,-0.07776825475361004,197.02669291409973,225.5739888685933,0.16,0.0
88.15956854820251,2,1.6656267634809436,-1.9905812718413678,-0.002000041782712952,-0.07829128695685256,199.06674190852027,225.73146759856502,0.16,0.0
88.46120500564575,2,1.7134721941421391,-1.9942990033426484,-0.002000063247597935,-0.07860985124035312,201.10814695006462,225.89009080928633,0.16,0.0
88.76821565628052,2,1.7612907047158575,-1.9980170247803382,-0.002002611079240635,-0.07916435240877771,203.14840340120992,226.04872639062773,0.16,0.0
89.0570662021637,2,1.8090931476961059,-2.0017681683890975,-0.0019989787655766635,-0.07974201786320806,205.18797430170054,226.2087751846015,0.16,0.0
89.3600811958313,2,1.8569023544879184,-2.0055533092872717,-0.0020027337704922855,-0.0802438166844007,207.2278337914845,226.37027452959023,0.16,0.0
89.6607117652893,2,1.9047404353779906,-2.009364551813732,-0.002002744616042115,-0.08056065404869936,209.26892524279427,226.53288754405258,0.16,0.0
89.95994234085083,2,1.9525523135092269,-2.013178744679866,-0.0020000716730303046,-0.08108893895577592,211.30889870972703,226.6956264396743,0.16,0.0
95.06714510917664,2,1.998081982540184,-2.016498589197285,-0.0020030415027566715,-0.08385470017924747,213.25149792171453,226.83727313908417,0.04,0.0
96.2092957496643,2,2.043364064148734,-2.0201435871899482,-0.0020027330914078436,-0.086271979449122,215.1835334036793,226.99279305343777,0.04,0.0
97.35334873199463,2,2.0887648253155153,-2.0239343501318747,-0.002002743245201863,-0.08745468735108247,217.12063254679532,227.1545322722933,0.04,0.0
98.49219298362732,2,2.1340411371318813,-2.027711183401867,-0.0020028549104711625,-0.08974428904710027,219.0524218509603,227.31567715847967,0.04,0.0
99.6303219795227,2,2.179084906081085,-2.0314137712103033,-0.0020039477671972054,-0.09443071288940856,220.97428932612627,227.47365423830627,0.04,0.0
104.15662980079651,2,2.2236148047572506,-2.0381078597126647,-0.0019999605343420596,-0.06389830713671923,222.8742316696427,227.7592686810737,0.0,0.25
104.99885058403015,2,2.2251865420799435,-2.054641896422147,-0.0019994967278952253,0.1435446150160583,222.94129246207757,228.4647209140116,0.0,0.5
105.46199893951416,2,2.229121614615458,-2.0707039730325616,-0.002003525780445468,0.3506126378666215,223.10918889025953,229.1500361827226,0.0,0.5
105.88026475906372,2,2.2358264598943323,-2.0852161565923275,-0.0019998832185264574,0.5523254594467041,223.39526228882482,229.76922268127265,0.0,0.5
106.30007457733154,2,2.245374804187428,-2.098266401862203,-0.002001841227289045,0.7569068665588663,223.80265831199694,230.32603314612066,0.0,0.5
106.72058534622192,2,2.2574108442876124,-2.1090550870868965,-0.002003690068153026,0.9607264373806516,224.31619602293813,230.78635038237422,0.0,0.5
107.13675475120544,2,2.2717298182983217,-2.1173435551123236,-0.00199968521138382,1.1681736345805296,224.92713891406174,231.13999168479245,0.0,0.5
107.54004883766174,2,2.287165223755103,-2.1225867832071095,-0.00199914164478163,1.3714328315620974,225.58571621355105,231.36370275016998,0.0,0.5
109.30013298988342,2,2.302065222032892,-2.0777752301707118,-0.0019998638654858307,1.5434950322335286,226.22144947340337,229.45174315395036,0.12,0.0
109.59923100471497,2,2.303289634648299,-2.0324322820231893,-0.001999825898922073,1.5430576062160861,226.27369107832743,227.5171106996561,0.2,0.0
109.84345746040344,2,2.3046068166305855,-1.9844502157400763,-0.0019998852768757422,1.5427918090873582,226.329890842905,225.46987587157656,0.2,0.0
110.03992342948914,2,2.3058744102091135,-1.9389898603241007,-0.001999895675586505,1.5426244168846708,226.38397483558884,223.53023404049497,0.24000000000000002,0.0
110.24111747741699,2,2.307213875084351,-1.8910131054854966,-0.00199990789633984,1.542397393527479,226.44112533693232,221.48322583404786,0.24000000000000002,0.0
110.44328141212463,2,2.308564040592115,-1.8430371526514568,-0.0019999496854345897,1.5421678408856585,226.49873239859693,219.43625184646214,0.24000000000000002,0.0
110.6443338394165,2,2.3099385141475404,-1.7943940474115152,-0.001999947726020726,1.5418559288173266,226.55737660362837,217.36081268955797,0.28,0.0
110.82890796661377,2,2.311374070700725,-1.7440396335056867,-0.0019999489347012184,1.541534025319529,226.6186270165643,215.21235769624263,0.28,0.0
111.00742697715759,2,2.312825651890517,-1.693664935650714,-0.0019999429356528605,1.5413130963344883,226.68056114732872,213.06303725443047,0.28,0.0
111.18862771987915,2,2.31428533052073,-1.6432978843139208,-0.0019996277905863402,1.5410313153260782,226.7428407688845,210.91404306406062,0.28,0.0
111.36593341827393,2,2.3157630388517565,-1.5929496852654872,-0.0020030224479917163,1.5406983500393614,226.80588965767492,208.76585323799412,0.28,0.0
111.54664301872253,2,2.317257261635529,-1.5425904689832635,-0.0020000489050619966,1.5404162353505841,226.86964316311588,206.61719334328592,0.28,0.0
111.72508907318115,2,2.3187652337752795,-1.4922175329717688,-0.002000047356443808,1.540196371380163,226.93398330774528,204.46794807346214,0.28,0.0
111.90554070472717,2,2.3202819081179973,-1.441857653424475,-0.0020025902709596925,1.5398923166297542,226.9986947463679,202.31925987944425,0.28,0.0
112.08594608306885,2,2.3218159332531325,-1.3915126462783547,-0.0020038624478008805,1.5395504718556061,227.064146485467,200.1712062412098,0.28,0.0
112.26822400093079,2,2.323367324502686,-1.3411442564269827,-0.0019999651947553835,1.5393161069456407,227.13033917878124,198.0221549408846,0.28,0.0
112.45026969909668,2,2.3249308332112357,-1.2907731563915763,-0.001999974902905611,1.5390983700632943,227.19704888367937,195.8729880060406,0.28,0.0
112.62835955619812,2,2.326500100184784,-1.2404244146534957,-0.0019999636359242534,1.5387252666597042,227.26400427455076,193.72477502521582,0.28,0.0
112.80769109725952,2,2.3280922546047003,-1.1900800133173366,-0.0019999889773755983,1.538377956761817,227.3319361964672,191.57674723487304,0.28,0.0
112.98827338218689,2,2.3297028490784175,-1.139710226983545,-0.001999965555065829,1.5381592632119394,227.40065489401246,189.42763635129793,0.28,0.0
113.16713356971741,2,2.331322564585646,-1.089343754524899,-0.0019999530399932345,1.5379162310404089,227.46976275565424,187.27866685972901,0.28,0.0
113.35047793388367,2,2.332951372411599,-1.0390029215571468,-0.001999968730237568,1.5375119292248345,227.53925855622822,185.1307913197716,0.28,0.0
113.52811193466187,2,2.334606218314914,-0.9886516020609118,-0.0020027399335373224,1.5372235279346222,227.60986531476965,182.9824683545989,0.28,0.0
113.70813226699829,2,2.3362751492859446,-0.9382837952256584,-0.0020027366671457113,1.5370048531515272,227.6810730362003,180.8334419296281,0.28,0.0
113.88935708999634,2,2.3379516457708847,-0.8879246209863767,-0.001999962772640617,1.5367155560938248,227.75260355289106,178.68478382875207,0.28,0.0
114.07028937339783,2,2.3396441757959967,-0.8375848907486635,-0.0019999700892249666,1.5363413354982822,227.82481816729586,176.53695533860963,0.28,0.0
114.24992156028748,2,2.341358153422654,-0.7872302030773853,-0.002002736628094614,1.5360770327935265,227.8979478793666,174.3884886646351,0.28,0.0
114.42992115020752,2,2.3430849190575245,-0.7368644568440049,-0.0020027370259084417,1.5358596316392208,227.97162321312106,172.23955015867753,0.28,0.0
114.6102705001831,2,2.34481705630719,-0.6865146777292147,-0.0019999680983718584,1.5355099030158215,228.04552773577342,170.0912929164465,0.28,0.0
114.79206848144531,2,2.346571395989842,-0.6361764589248299,-0.001999970125401411,1.5351595750005613,228.12037956223327,167.94352891412606,0.28,0.0
114.97484183311462,2,2.3483430480694305,-0.5858189324406102,-0.002000043750522484,1.5349023176749703,228.1959700509624,165.79494111746604,0.28,0.0
115.15402221679688,2,2.350128992615362,-0.5354553947556976,-0.0020000483696026926,1.5346871213312352,228.27217035158878,163.64609684290977,0.28,0.0
115.33025360107422,2,2.351916353082801,-0.48511774039584715,-0.002003958816058524,1.5342661437589904,228.3484310648662,161.49835692355614,0.28,0.0
115.51269149780273,2,2.3537306226798873,-0.4347823738521117,-0.0019999739383195544,1.5338933582099366,228.42583990100854,159.3507146176901,0.28,0.0
115.69001078605652,2,2.3555669517409594,-0.3844216652013291,-0.001999941269266272,1.5336736992549427,228.50418994094758,157.20199104859003,0.28,0.0
115.87285375595093,2,2.357413044701069,-0.33406406298234903,-0.0019999632027101724,1.5334303943981682,228.58295657391227,155.05340002058023,0.28,0.0
116.06564044952393,2,2.3592721908528285,-0.28372899474177027,-0.001999966870747425,1.533074186832059,228.66228014305403,152.90577044231554,0.28,0.0
116.23290920257568,2,2.3611502657865353,-0.23338340929765367,-0.001999973285202399,1.5327912265219004,228.7424113402255,150.75769213003323,0.28,0.0
116.41490578651428,2,2.3630425613982307,-0.18302365929728828,-0.001999969416739821,1.5325749156802895,228.8231492863245,148.60900946335096,0.28,0.0
116.5966305732727,2,2.3649431309696003,-0.13267381630183417,-0.0019999622617805943,1.5322908084886313,228.90424025470293,146.46074949554492,0.28,0.0
116.77450299263,2,2.3668600835480227,-0.08234219874220865,-0.0019999718812363163,1.5319440679046072,228.9860302313823,144.31326714633423,0.28,0.0
116.95583605766296,2,2.368794885601614,-0.03199248240816384,-0.0019999454568994874,1.5316901662717661,229.06858178566887,142.16501258274832,0.28,0.0
117.1329779624939,2,2.3707426698184153,0.018365035599691076,-0.001999943347421502,1.5314752821950317,229.15168724558572,140.0164251477465,0.28,0.0
117.31327652931213,2,2.3726942436433296,0.0687032622584465,-0.0019992813721624444,1.5311147963193223,229.2349543954487,137.8686608103063,0.28,0.0
117.49586868286133,2,2.3746704194824626,0.11903508188940845,-0.0020042556961989435,1.5307649134597954,229.31927123125172,135.72116983938523,0.28,0.0
117.67161917686462,2,2.3766653271726668,0.16938465319539348,-0.0020000441518492913,1.5305248798092028,229.40438729270045,133.57292146366322,0.28,0.0
117.85204267501831,2,2.37867187649328,0.21973972044029882,-0.002000048687713975,1.5303123581146214,229.4900000637133,131.42443859454724,0.28,0.0
118.03335523605347,2,2.380685265148919,0.2700714343136419,-0.0019999614573191224,1.5299453540324666,229.57590464635388,129.2769521359513,0.28,0.0
118.21683692932129,2,2.382721717321736,0.320405493291304,-0.0020026966084563244,1.529642005927708,229.66279327239408,127.12936561957103,0.28,0.0
118.39737629890442,2,2.3847726772073803,0.37075895937397585,-0.0020026931579578775,1.5294276464561138,229.75030089418158,124.98095106671036,0.28,0.0
118.57515597343445,2,2.38683202367189,0.4211078034624427,-0.002000099555139392,1.5291739030530989,229.83816634333397,122.83273371893577,0.28,0.0
118.75730919837952,2,2.3889013211375763,0.4714321435089316,-0.0020042535426289866,1.5287657777388948,229.9264563685366,120.68556187695225,0.28,0.0
118.93826961517334,2,2.390995159197123,0.5217701504507999,-0.0020026919979670224,1.528479524257605,230.01579345907726,118.5378069140992,0.28,0.0
119.11533689498901,2,2.3931047421671643,0.5721211080593523,-0.002002700117346241,1.5282655740781894,230.10580233246566,116.38949938946763,0.28,0.0
119.29458737373352,2,2.395219540724114,0.622459890585602,-0.0019992802713329,1.52795149682999,230.19603373756217,114.24171133501432,0.28,0.0
119.48007535934448,2,2.397353203060743,0.6727821512153375,-0.002001242080388145,1.527578443294191,230.28706999725836,112.09462821481227,0.28,0.0
119.66726994514465,2,2.399508179306065,0.7231226482896305,-0.0019999688570209425,1.5273310069741952,230.3790156503921,109.9467670063091,0.28,0.0
119.83681869506836,2,2.401675656596649,0.7734710244029775,-0.0019999731903833436,1.5271187414693839,230.47149468145705,107.79856962547296,0.28,0.0
120.01921892166138,2,2.403851670830902,0.8238015620709868,-0.0020038823398932397,1.5268006564547967,230.56433795545183,105.6511333516379,0.28,0.0
120.19963717460632,2,2.406045013758441,0.8741225148963468,-0.0020026753960306408,1.5264589290057249,230.6579205870268,103.5041060310892,0.28,0.0
120.38026881217957,2,2.4082548983579293,0.9244575048136872,-0.00199994217490383,1.5261765015436306,230.75220899660496,101.35647979461602,0.28,0.0
120.56151223182678,2,2.410480558857335,0.9748032022468464,-0.0019999423148103234,1.525966661721257,230.8471705112463,99.20839670413456,0.28,0.0
120.73818826675415,2,2.412711451610459,1.0251241065254784,-0.0019999668848739555,1.5255706192665828,230.9423552687129,97.06137145491293,0.28,0.0
120.91875696182251,2,2.4149675437233373,1.0754438971938998,-0.002000055981360774,1.5252483115575823,231.03861519886237,94.91439371972695,0.28,0.0
121.10026049613953,2,2.417239774201538,1.1257877088781365,-0.0020000466387301388,1.5250363503997642,231.13556369926562,92.76639108786617,0.28,0.0
121.27892231941223,2,2.4195193002064905,1.1761256737360173,-0.002006045237707941,1.5247762429606861,231.23282347547695,90.6186379205966,0.28,0.0
121.46013188362122,2,2.421813719238297,1.2264419073443367,-0.0020029678140917957,1.5244082993879733,231.33071868750068,88.4718119533083,0.28,0.0
121.63880825042725,2,2.4241280179998648,1.2767679909549419,-0.0019999497927249512,1.5241219473321386,231.42946210132754,86.32456571925582,0.28,0.0
121.81834697723389,2,2.4264570829753724,1.327109117057167,-0.001999944266122646,1.5239104568980861,231.52883554028256,84.17667767222756,0.28,0.0
122.00379729270935,2,2.4287915994658236,1.3774379373345613,-0.001999961991548083,1.5235991591693308,231.6284415772085,82.0293146737254,0.28,0.0
122.18158745765686,2,2.431142640155652,1.4277506452550268,-0.0019999947414886133,1.5232081966132938,231.72875264664117,79.88263913578552,0.28,0.0
122.36140060424805,2,2.433517660381816,1.4780806443481929,-0.0019999459222390676,1.5229561686424595,231.83008684295748,77.73522584114377,0.28,0.0
122.53828644752502,2,2.4359055084626036,1.5284188873888316,-0.0019999432071886396,1.5227464251314604,231.93196836107109,75.58746080474319,0.28,0.0
122.71827101707458,2,2.438298446729388,1.57873896818137,-0.001999979850155867,1.5223901467466268,232.03406706045388,73.44047069092821,0.28,0.0
122.9128589630127,2,2.4407137441853326,1.6290512325607742,-0.0019989736141275615,1.5220615008283278,232.1371197519075,71.29381407740698,0.28,0.0
123.08029961585999,2,2.443146670904001,1.6793862877598842,-0.002002689430095374,1.5218482731705356,232.24092462523737,69.14618505557829,0.28,0.0
123.25988459587097,2,2.445590436563387,1.729721718012951,-0.0020027143689079568,1.521641157305618,232.34519196003782,66.99854003144742,0.28,0.0
123.44007635116577,2,2.4480423142821754,1.7800317679999338,-0.0020001376773269726,1.5212823754322937,232.4498054093728,64.8519778986695,0.28,0.0
123.6229157447815,2,2.4505138023693895,1.8303457477367575,-0.0019999764377008553,1.5209768732756546,232.55525556776064,62.705248096565015,0.28,0.0
123.8021867275238,2,2.4530012978060673,1.8806792373320365,-0.0019999683837824372,1.5207669313035446,232.6613887063922,60.55768587383311,0.28,0.0
123.98337507247925,2,2.45549638292657,1.931007301055911,-0.0019999529746221067,1.5205070963287985,232.76784567153368,58.410355154947794,0.28,0.0
134.07623028755188,2,2.473238577002662,1.9717530496824884,-0.002003628316194617,1.7206713524124388,233.5248459521136,56.67186988021383,0.0,0.25
134.978098154068,2,2.48891233984518,1.9755986780920778,-0.002000891030317371,1.9229264550737983,234.19359316672768,56.50778973473801,0.0,0.25
135.79724144935608,2,2.5029101364697297,1.9829589349083219,-0.001999939294067444,2.12301550222019,234.79083248937513,56.193752110578274,0.0,0.25
136.62097072601318,2,2.515212787342758,1.993473569742258,-0.0019999683942131643,2.327139917816673,235.315745593291,55.745127690996995,0.0,0.25
137.4377143383026,2,2.524990770894374,2.006410709217933,-0.0020005833194415507,2.530014955403324,235.73293955815996,55.19314307336819,0.0,0.25
138.26216769218445,2,2.532165765660436,2.0209441844293052,-0.0019997686671769186,2.732573697694953,236.03907266817862,54.57304813101631,0.0,0.25
139.0834095478058,2,2.536745503753321,2.036498181648451,-0.001999832750078857,2.935307811767429,236.23447482680837,53.90941091633276,0.0,0.25
139.5650954246521,2,2.538602790997529,2.052732115379667,-0.0020041207468476634,3.1391486172712537,236.31371908256125,53.21676307713422,0.0,0.5
139.98288822174072,2,2.537647921090285,2.0690566581549583,-0.0019999941038339637,-2.9385037352716044,236.27297796651885,52.52024925205511,0.0,0.75
140.30311465263367,2,2.532625226741008,2.085233343379392,-0.001999591912969267,-2.726212851987649,236.05867634094966,51.830044015812604,0.0,0.75
140.60511541366577,2,2.5247433157196855,2.0999518319292836,-0.0020011829221458916,-2.5159468515642716,235.72238147070658,51.202055171017236,0.0,0.75
140.88437938690186,2,2.514370871085554,2.112219870577417,-0.002001203378620066,-2.3128930117364486,235.27982383298365,50.67861885536355,0.0,0.75
141.16432332992554,2,2.501960043148228,2.122661058417386,-0.002003527320027101,-2.1096999070554614,234.75029517432438,50.233128174191535,0.0,0.75
141.44953727722168,2,2.48719078602504,2.1304397909527912,-0.0019997224152789044,-1.9011377040037842,234.12014020373505,49.90123558601424,0.0,0.75
141.7039511203766,2,2.471540188636313,2.134596927852069,-0.0019995726149910774,-1.6982254768178418,233.452381381816,49.72386441164505,0.0,0.75
141.94882559776306,2,2.4555008978164876,2.1351511595137374,-0.0019996252212790494,-1.4973113000141691,232.7680383068368,49.70021719408054,0.0,0.75
142.20818614959717,2,2.43933040106985,2.132933521812596,-0.002004288693587263,-1.292457871604282,232.07809711231363,49.79483640266257,0.0,0.75
142.486665725708,2,2.4241506135558533,2.1277780511204964,-0.0019999710440763777,-1.0890152450104766,231.43042617838307,50.01480315219216,0.0,0.75
142.77036714553833,2,2.4102666655338347,2.1194262183968977,-0.0019996887409758713,-0.8836407628095823,230.83804439611026,50.3711480150657,0.0,0.75
143.05018067359924,2,2.3983728986105994,2.108700488472492,-0.0020040631449708066,-0.6811944251965039,230.33057700738556,50.828779158507004,0.0,0.75
143.3294699192047,2,2.388777562900695,2.095545158580451,-0.002005686657896514,-0.477225934682966,229.92117601709634,51.390073233900765,0.0,0.75
143.6116964817047,2,2.3823575564423196,2.080628567922617,-0.0019998575376497293,-0.27384971637408345,229.64725574153897,52.02651443530168,0.0,0.75
143.90796518325806,2,2.3794510700507083,2.064684349947743,-0.0019998016717022575,-0.07093406234955842,229.5232456554969,52.7068010688963,0.0,0.75
144.21115112304688,2,2.379775944487865,2.048447028906256,-0.002000604745195823,0.13237463196532923,229.53710696481556,53.39959343333308,0.0,0.75
144.51053714752197,2,2.383115283794832,2.0317957246515457,-0.002004583362530032,0.34608679308255424,229.67958544191282,54.11004908153406,0.0,0.75
144.7922646999359,2,2.389628562684956,2.0168364807690353,-0.001999945791979548,0.5528322711747016,229.9574853412248,54.74831015385449,0.0,0.75
145.07260918617249,2,2.398911945407331,2.0038224462019976,-0.0019996489794436387,0.7549735480408434,230.35357633737948,55.30357562871477,0.0,0.75
145.34810137748718,2,2.410537453290289,1.992560014679236,-0.002004241237453243,0.9587652089280038,230.84959800705235,55.7841060403526,0.0,0.75
145.63175010681152,2,2.4243978950898577,1.9836518889344155,-0.001999555443747733,1.1643279846120438,231.44097685716724,56.16418607213161,0.0,0.75
145.91235446929932,2,2.440223869859052,1.9779072947502174,-0.0019999896335701236,1.3747032305123816,232.11621844731957,56.40928875732406,0.0,0.75
146.19418454170227,2,2.456754108143128,1.9756932551283406,-0.002003508905494106,1.582785100217039,232.8215086141068,56.503754447857474,0.0,0.75
146.47619557380676,2,2.473228838983081,1.9765007904017307,-0.0020034124164287482,1.7905994457591783,233.52443046327812,56.46929960952616,0.0,0.75
146.75188851356506,2,2.488737133381564,1.980765413530081,-0.002000230351319165,1.9940920677784821,234.18611769094673,56.28734235604988,0.0,0.75
147.04330396652222,2,2.5029614556576854,1.9884254097805933,-0.0020020753177075537,2.1981709554379276,234.79302210806122,55.96051584936136,0.0,0.75
147.31508803367615,2,2.5154039211796975,1.9985116009943358,-0.0020041943374781387,2.4013401533120913,235.3239006370004,55.53017169090835,0.0,0.75
147.59039902687073,2,2.525931165722956,2.0110168881791632,-0.0020041336929056807,2.6057994386243033,235.77306307084615,54.99661277102237,0.0,0.75
147.87679290771484,2,2.5336647224047577,2.026129382216828,-0.0020000001493247883,2.8182109663810877,236.10302815593633,54.35181302541534,0.0,0.75
148.1542615890503,2,2.53814730319987,2.04272554569484,-0.0019999932507032596,3.033126117279229,236.2942849365278,53.643710050353505,0.0,0.75
150.07431817054749,2,2.4929018594494154,2.050430057777587,-0.001999970436481229,3.11589093081698,234.3638126698417,53.31498420148962,0.08,0.0
150.51557850837708,2,2.4451795964540195,2.0516065080505648,-0.001999938481164932,3.1151878242585607,232.32766278203815,53.26478898984257,0.16,0.0
150.77622866630554,2,2.3959158590135177,2.0528819608759363,-0.0019999593720787076,3.1147220313805493,230.2257433179101,53.210369669293385,0.24000000000000002,0.0
150.9771375656128,2,2.345684411136672,2.0542152065209907,-0.001999985775139271,3.1144743999261815,228.0825348751647,53.15348452177106,0.28,0.0
151.13819074630737,2,2.2986502631323886,2.055464516526138,-0.002000078592621868,3.1140657290207203,226.07574456031523,53.10018062821811,0.32,0.0
151.27645683288574,2,2.252410392167088,2.056714798257903,-0.0020027148870706,3.1137510982278784,224.10284339912909,53.04683527432948,0.36,0.0
151.41704630851746,2,2.202033136212582,2.0581002271941693,-0.00200273338377121,3.1135834419713917,221.95341381173682,52.98772363971544,0.36,0.0
151.55741381645203,2,2.1516561184502456,2.059493935187565,-0.001999957558798756,3.1134128464366895,219.80399438721048,52.92825876533057,0.36,0.0
151.7091510295868,2,2.1012910484846063,2.0608945212581595,-0.0020037065848897296,3.113175752590481,217.65508473534322,52.86850042631853,0.36,0.0
151.83881998062134,2,2.0509359926188298,2.062303296233833,-0.0019999480409880837,3.1128492172114477,215.50660235173672,52.80839269402313,0.36,0.0
151.98293280601501,2,2.000574690882507,2.063734119227275,-0.0019999397364095146,3.112605451989862,213.35785347765363,52.747344246302944,0.36,0.0
152.11655020713806,2,1.9501986750350693,2.065177170344277,-0.0020000652688026343,3.112436348954845,211.2084768014963,52.68577406531084,0.36,0.0
152.2691843509674,2,1.8998441825299905,2.066621849183981,-0.0020028039152106586,3.112103504527673,209.06001845461293,52.62413443481681,0.36,0.0
152.39892315864563,2,1.8494888863553594,2.068089231463919,-0.00200272717371081,3.1118260324911953,206.91152581782865,52.56152612420611,0.36,0.0
152.53999876976013,2,1.7991147605643636,2.0695715581758396,-0.0019999470167733065,3.111656975343607,204.76222978407952,52.49828018449752,0.36,0.0
152.67886543273926,2,1.7487448778984749,2.071061609057233,-0.002003484143213139,3.111462731717061,202.61311479033492,52.434704680224726,0.36,0.0
152.81932854652405,2,1.6983891012324246,2.072558496076366,-0.002003099524627375,3.111179631922779,200.46460165258344,52.370837500741715,0.36,0.0
152.96091055870056,2,1.648038510162649,2.074070481770186,-0.002003901565031959,3.1108588978021134,198.3163097669397,52.306326111138745,0.36,0.0
153.0981194972992,2,1.5976685053914832,2.0756019784961675,-0.002000057910927395,3.1106774048451387,196.16718956336996,52.240982250830186,0.36,0.0
153.23945474624634,2,1.5473062527239814,2.0771405566070396,-0.001999977146556838,3.110455047455314,194.0184001162232,52.17533625143298,0.36,0.0
153.37654280662537,2,1.4969341713410582,2.0786895092064444,-0.002002733707075031,3.110233424953765,191.86919131055183,52.109247607191705,0.36,0.0
153.51902651786804,2,1.4465625398771325,2.080252484083625,-0.001999933995068765,3.1100659732188483,189.7200017014243,52.04256067909867,0.36,0.0
153.65938520431519,2,1.3961905574409534,2.0818233399935755,-0.0020026923337742204,3.1098993816731366,187.57079711748068,51.97553749360745,0.36,0.0
153.80119848251343,2,1.3458319203267708,2.083401232811902,-0.0020026917613543372,3.1096565082065335,185.42216193394222,51.90821406669218,0.36,0.0
153.93873834609985,2,1.2954838529402586,2.0849872352523082,-0.0020036951699482076,3.109324637703466,183.27397772545103,51.840544629234856,0.36,0.0
154.08160161972046,2,1.2451270197731374,2.0865960362497176,-0.0020000453045788402,3.1090848257265247,181.12541951032054,51.77190245334539,0.36,0.0
154.2240879535675,2,1.1947573207587467,2.088215217610198,-0.0020008430077736905,3.108908692316304,178.97631235237318,51.70281738196489,0.36,0.0
154.3608899116516,2,1.1444090651989067,2.0898411239142254,-0.0020037394081792903,3.108607705759958,176.82812011515335,51.63344537965972,0.36,0.0
154.50249481201172,2,1.0940600678525165,2.091482433971346,-0.001999978093599609,3.1083055571127143,174.67989622837405,51.56341615055591,0.36,0.0
154.6421399116516,2,1.0436911749752098,2.093142229360519,-0.002000052431432636,3.108134271016231,172.53082346560896,51.4925982139512,0.36,0.0
154.78031086921692,2,0.9933289654412013,2.0948090078137374,-0.002004004324867484,3.1079325494550574,170.3820358588246,51.42148233328054,0.36,0.0
154.91774725914001,2,0.9429771634638964,2.0964839796557215,-0.0020005870542669493,3.1076586089406435,168.23369230779292,51.35001686802255,0.36,0.0
155.06029272079468,2,0.8926269305724736,2.0981756662089617,-0.002000036363398167,3.107390148310042,166.08541570442554,51.27783824175097,0.36,0.0
155.19882774353027,2,0.8422595081389473,2.0998810708530833,-0.0019999844085867324,3.1072248841857615,163.9364056805951,51.205074310268444,0.36,0.0
155.34348702430725,2,0.7919047243959977,2.101593977216023,-0.0020038344029290763,3.106996000477781,161.78793490756257,51.13199030544969,0.36,0.0
155.48200917243958,2,0.7415431362828377,2.1033194916965448,-0.002000039739059759,3.10679139012689,159.63917381473442,51.05836835428076,0.36,0.0
155.62268567085266,2,0.691176993796445,2.1050553819796884,-0.001999964553408195,3.1066275718432728,157.49021840198165,50.984303702199966,0.36,0.0
155.76186871528625,2,0.6408109108796574,2.106799472434313,-0.001999959055904634,3.1064600812291574,155.34126553086537,50.90988917613598,0.36,0.0
155.90086698532104,2,0.59045645921586,2.1085541849820695,-0.002002692291856223,3.1062507979964136,153.19280892654336,50.83502144076503,0.36,0.0
156.0436384677887,2,0.5401084575640553,2.110315300643422,-0.002002606732032058,3.105968916677216,151.04462752273304,50.75988050588066,0.36,0.0
156.18207502365112,2,0.48974851296101257,2.1120932917077426,-0.0020000465243102373,3.105781972114703,148.8959365530032,50.68401955380298,0.36,0.0
156.3241102695465,2,0.43938558027617575,2.113878740014125,-0.0019999781169342348,3.1056020524818204,146.7471180917835,50.607840426064016,0.36,0.0
156.46223735809326,2,0.3890367520265844,2.1156708305866423,-0.002004157064462373,3.1053363560779266,144.59890141980094,50.531377894969935,0.36,0.0
156.6053159236908,2,0.3386980487753319,2.1174720668824913,-0.002003913797850063,3.1049577007498668,142.4511167477475,50.45452514634704,0.36,0.0
156.74568009376526,2,0.288338967316753,2.119300837470758,-0.0020027007089902502,3.104775972486086,140.3024626055148,50.376497601247664,0.36,0.0
156.88600707054138,2,0.23798202291411324,2.121136324748168,-0.0020017532068244133,3.1045678836443478,138.1538996443355,50.29818347741151,0.36,0.0
157.02405786514282,2,0.18763694432319203,2.1229812330729096,-0.0020037401753650345,3.1043034903094995,136.00584295778953,50.219467388889186,0.36,0.0
157.1641173362732,2,0.13729812534247074,2.1248363152450795,-0.0020000489720840954,3.1039331704326534,133.85805334794543,50.14031721620994,0.36,0.0
157.3032341003418,2,0.08693697899026907,2.1267157703944273,-0.001999985448950795,3.103769686055346,131.7093111035848,50.06012712983777,0.36,0.0
157.44555187225342,2,0.03658515644834628,2.1286024643912658,-0.0020000786532544286,3.103545871017474,129.56096667512944,49.97962818597266,0.36,0.0
157.5836684703827,2,-0.013755628780726364,2.1304969824398925,-0.0019992865895484446,3.1032588019343605,127.41309317202234,49.89879541589792,0.36,0.0
157.7291135787964,2,-0.06410599228399677,2.132411929532087,-0.002000041076057629,3.1030424286495766,125.26481099588281,49.817091006630946,0.36,0.0
157.86930346488953,2,-0.11446562292364237,2.134336240599147,-0.0019999906172130477,3.1028787327590903,123.11613342192459,49.73498706776972,0.36,0.0
158.00404715538025,2,-0.16480990463433898,2.1362631958485276,-0.002000886127122802,3.1025772617019243,120.96811073560154,49.65277031046283,0.36,0.0
158.14690113067627,2,-0.21514795966888842,2.138210065101831,-0.0019995866990571414,3.102295796862265,118.82035372079409,49.56970388898854,0.36,0.0
158.28806972503662,2,-0.26549378341367896,2.140172233645095,-0.001999972298465488,3.1020656981252808,116.67226524101636,49.485984697809286,0.36,0.0
158.4295370578766,2,-0.3158484988124416,2.1421454797975614,-0.00199997987567638,3.101881647156952,114.52379738400249,49.40179286197072,0.36,0.0
158.56857323646545,2,-0.3661909645721752,2.144124354838832,-0.0020041902591372072,3.1016014747128904,112.37585217825387,49.317360860209845,0.36,0.0
158.7089285850525,2,-0.4165275337197944,2.146117928076181,-0.002002725040718584,3.101284893808685,110.22815856128878,49.23230173541627,0.36,0.0
158.84887862205505,2,-0.4668834242569162,2.148131227521266,-0.002002740740220484,3.10112156547934,108.07964056503825,49.146400959092645,0.36,0.0
158.9873595237732,2,-0.5172327668513895,2.150150524183219,-0.002000360127159557,3.1009053421649804,105.93140194767405,49.06024430151599,0.36,0.0
159.12905550003052,2,-0.5675731737301005,2.1521796784888485,-0.002002717870944875,3.1006309748488055,103.7835445875157,48.97366705114247,0.36,0.0
159.26813960075378,2,-0.6179111118642245,2.154223146043443,-0.0019999616757164097,3.1003415465129818,101.63579256045975,48.886479102146424,0.36,0.0
159.40928983688354,2,-0.6682649491506913,2.1562840857481453,-0.0019999564977835377,3.1001768951148776,99.4873621695705,48.798545674745796,0.36,0.0
159.55056238174438,2,-0.7186058995341094,2.15834900409571,-0.0019999768204767214,3.099915218114118,97.339481619878,48.71044249191638,0.36,0.0
159.68744349479675,2,-0.7689439476159127,2.160427610516299,-0.0020029452116946786,3.099638147061449,95.19172490172106,48.6217552846379,0.36,0.0
159.82998728752136,2,-0.8192867696180604,2.1625225171658586,-0.002002734917531102,3.09939983587117,93.04376449629609,48.53237260092337,0.36,0.0
159.96634006500244,2,-0.8696387123838668,2.164630870331226,-0.0019999600935292246,3.0992351035717154,90.89541493828835,48.44241619920102,0.36,0.0
160.1123285293579,2,-0.9199805409157239,2.1667462515270244,-0.001999995407023235,3.0990314756600266,88.74749692092911,48.352159934846966,0.36,0.0
160.2469117641449,2,-0.970316041781417,2.168869506496312,-0.0020005169645124655,3.0987526904222364,86.59984888399288,48.261567722824026,0.36,0.0
160.3916299343109,2,-1.0206585844457108,2.171011587167551,-0.0020027048227305552,3.0985581312164086,84.451900396983,48.17017228085116,0.36,0.0
160.52910590171814,2,-1.071005094198084,2.173160974523323,-0.001999976543145426,3.098370291660588,82.30378264754842,48.078465087004886,0.36,0.0
160.66945004463196,2,-1.1213414423515147,2.1753174569535982,-0.002002847147360949,3.0981164153262064,80.1560984596687,47.986455169979806,0.36,0.0
160.80656576156616,2,-1.1716672821122152,2.177486173230497,-0.0019999538767653496,3.0977921855729247,78.00886262987882,47.89392327549879,0.36,0.0
160.94771671295166,2,-1.2220082345867553,2.1796760927959804,-0.002000056048376556,3.097595805445525,75.86098199096512,47.800486707371505,0.36,0.0
161.089049577713,2,-1.2723507040252062,2.1818732432784858,-0.0020037277293767173,3.0973909128825823,73.71303662825787,47.70674162011794,0.36,0.0
161.22845602035522,2,-1.3226852964530564,2.1840793108195964,-0.001999974589445639,3.097148188449698,71.56542735133627,47.61261607169722,0.36,0.0
161.3681857585907,2,-1.3730219640776684,2.186301524581899,-0.0020000378530432815,3.0969190250941003,69.41772953268614,47.51780161783897,0.36,0.0
161.5104467868805,2,-1.4233685762021147,2.1885344473006674,-0.0019999874188109702,3.096758071148877,67.26960741537644,47.422530248504856,0.36,0.0
161.64961695671082,2,-1.473705135498259,2.1907738327372077,-0.0020022026504094904,3.096534683585937,65.12191421874095,47.326983136545806,0.36,0.0
161.790212392807,2,-1.5240364922267788,2.193024053096601,-0.001999978881633423,3.096283941185929,62.97444299832411,47.23097373454502,0.36,0.0
161.93200707435608,2,-1.5743767440576013,2.195289364488132,-0.002002735336378662,3.0960867751486343,60.826592253542344,47.13432044850637,0.36,0.0
162.0814049243927,2,-1.6247213715050823,2.1975645902961727,-0.0019999605620924107,3.0959234218460403,58.67855481578316,47.037244147363296,0.36,0.0
162.20941638946533,2,-1.675053805204385,2.199846740656941,-0.0020000638596388886,3.0956929997850207,56.53103764461291,46.93987239863718,0.36,0.0
162.34874963760376,2,-1.7253966469336568,2.202141583081454,-0.0020027316668602855,3.095530807848789,54.383076397497305,46.84195912185797,0.36,0.0
162.4891541004181,2,-1.7757395477459132,2.2044452392440212,-0.001999945863393313,3.095368647774864,52.2351126295077,46.74366979225509,0.36,0.0
162.6314160823822,2,-1.826078171183152,2.206755155053825,-0.001999664745956732,3.095180334965457,50.08733136285218,46.645113384370134,0.36,0.0
162.77324867248535,2,-1.876407100896103,2.2090719283216997,-0.0019997988033644957,3.094924690043828,47.93996369509961,46.54626439160748,0.36,0.0
162.91303300857544,2,-1.9267311524380348,2.211400984873103,-0.001999930687531019,3.094604610505464,45.79280416264385,46.44689131208095,0.36,0.0
163.05359864234924,2,-1.9770721891193095,2.213751364661502,-0.0020000571697462565,3.0944436430125783,43.64491993090947,46.34660844110924,0.36,0.0
163.19447493553162,2,-2.0274062352662203,2.216107028146374,-0.0019999762440630117,3.094233133767474,41.497333961974604,46.246100132421375,0.36,0.0
163.33136010169983,2,-2.0777311311879374,2.2184716363270387,-0.0019999710748991027,3.093973335696182,39.350138402648,46.14521018337969,0.36,0.0
163.4732735157013,2,-2.128055550740129,2.2208531687749358,-0.00199996323595602,3.0937310954588892,37.202963168421164,46.04359813226941,0.36,0.0
163.6167492866516,2,-2.1783945506321913,2.223247050426371,-0.0019999580609878984,3.093569159117436,35.055165839693174,45.941459181808185,0.36,0.0
