t_wall,stamp_ns,visible,stable,stable_count,name,kind,maneuver,score,area_px,bbox_w,bbox_h,center_x,center_y,last_applied
0.13283876300010888,39362000000,True,True,139,camera_sign_turn_right,turn_right_sign,right,0.5018580400573633,725,25,29,547,231,camera_sign_turn_right
0.13305906999994477,39362000000,True,True,140,camera_sign_turn_right,turn_right_sign,right,0.5143819289264349,725,25,29,552,230,camera_sign_turn_right
0.13314104399978532,39362000000,True,True,141,camera_sign_turn_right,turn_right_sign,right,0.5062916772891629,754,26,29,556,231,camera_sign_turn_right
0.13320880300034332,39462000000,True,True,142,camera_sign_turn_right,turn_right_sign,right,0.5130744119845464,754,26,29,561,231,camera_sign_turn_right
0.1575680639998609,39462000000,True,True,143,camera_sign_turn_right,turn_right_sign,right,0.5190295159081779,780,26,30,565,230,camera_sign_turn_right
0.19295123299980332,39559000000,True,True,144,camera_sign_turn_right,turn_right_sign,right,0.5190109957118284,780,26,30,569,230,camera_sign_turn_right
0.22715255200000684,39559000000,True,True,145,camera_sign_turn_right,turn_right_sign,right,0.50468377391062,870,29,30,573,230,camera_sign_turn_right
0.2478279979995932,39559000000,True,True,146,camera_sign_turn_right,turn_right_sign,right,0.5005168976974317,900,30,30,577,230,camera_sign_turn_right
0.2921868410003299,39660000000,True,True,147,camera_sign_turn_right,turn_right_sign,right,0.5106617165153192,930,30,31,581,230,camera_sign_turn_right
0.33856633199957287,39660000000,True,True,148,camera_sign_turn_right,turn_right_sign,right,0.5192180344922633,930,30,31,585,230,camera_sign_turn_right
0.3508456070003376,39660000000,True,True,149,camera_sign_turn_right,turn_right_sign,right,0.5183503903661443,930,30,31,588,230,camera_sign_turn_right
0.372353449000002,39660000000,True,True,150,camera_sign_turn_right,turn_right_sign,right,0.5178340409739023,961,31,31,591,229,camera_sign_turn_right
0.40905449299953034,39758000000,True,True,151,camera_sign_turn_right,turn_right_sign,right,0.5170307600506141,961,31,31,595,229,camera_sign_turn_right
0.4673392730001069,39758000000,True,True,152,camera_sign_turn_right,turn_right_sign,right,0.5128492790665516,1054,31,34,597,229,camera_sign_turn_right
0.4856634560001112,39857000000,True,True,153,camera_sign_turn_right,turn_right_sign,right,0.4931108651051976,1156,34,34,600,229,camera_sign_turn_right
0.5169351960003041,39857000000,True,True,154,camera_sign_turn_right,turn_right_sign,right,0.5069985371664693,1156,34,34,603,229,camera_sign_turn_right
0.5505759910001871,39857000000,True,True,155,camera_sign_turn_right,turn_right_sign,right,0.5020322085022635,1156,34,34,605,229,camera_sign_turn_right
0.572595736999574,39857000000,True,True,156,camera_sign_turn_right,turn_right_sign,right,0.5045612851442824,1190,35,34,608,229,camera_sign_turn_right
0.6065549980003198,39957000000,True,True,157,camera_sign_turn_right,turn_right_sign,right,0.4882205439397589,1260,36,35,609,229,camera_sign_turn_right
0.6487093870000535,39957000000,True,True,158,camera_sign_turn_right,turn_right_sign,right,0.5017264151823536,1260,35,36,611,229,camera_sign_turn_right
0.6809555520003414,39957000000,True,True,159,camera_sign_turn_right,turn_right_sign,right,0.5045056117339506,1260,35,36,613,229,camera_sign_turn_right
0.7159335099995587,40061000000,True,True,160,camera_sign_turn_right,turn_right_sign,right,0.48020866660398503,1404,39,36,615,229,camera_sign_turn_right
0.7459472470000037,40061000000,True,True,161,camera_sign_turn_right,turn_right_sign,right,0.5064588062632951,1260,35,36,617,229,camera_sign_turn_right
0.7799874929996804,40061000000,True,True,162,camera_sign_turn_right,turn_right_sign,right,0.5074487713449364,1296,36,36,618,229,camera_sign_turn_right
0.8142850650001492,40165000000,True,True,163,camera_sign_turn_right,turn_right_sign,right,0.5045448389045678,1296,36,36,619,229,camera_sign_turn_right
0.8341323499998907,40165000000,True,True,164,camera_sign_turn_right,turn_right_sign,right,0.4788755991525813,1560,40,39,620,228,camera_sign_turn_right
0.8795945599995321,40165000000,True,True,165,camera_sign_turn_right,turn_right_sign,right,0.48121026146801665,1560,40,39,622,228,camera_sign_turn_right
0.9008114429998386,40266000000,True,True,166,camera_sign_turn_right,turn_right_sign,right,0.4812647479646418,1560,40,39,623,228,camera_sign_turn_right
0.9412344000002122,40266000000,True,True,167,camera_sign_turn_right,turn_right_sign,right,0.4947781543663444,1521,39,39,624,228,camera_sign_turn_right
0.9843202169995493,40369000000,True,True,168,camera_sign_turn_right,turn_right_sign,right,0.49723403169255836,1521,39,39,625,228,camera_sign_turn_right
1.0189806349999344,40369000000,True,True,169,camera_sign_turn_right,turn_right_sign,right,0.48249685072329535,1560,40,39,625,228,camera_sign_turn_right
1.0439675979996537,40369000000,True,True,170,camera_sign_turn_right,turn_right_sign,right,0.4967133497751921,1521,39,39,626,228,camera_sign_turn_right
1.0725090919995637,40369000000,True,True,171,camera_sign_turn_right,turn_right_sign,right,0.49035997139645704,1560,40,39,626,228,camera_sign_turn_right
1.1176142120002623,40471000000,True,True,172,camera_sign_turn_right,turn_right_sign,right,0.4978582536649977,1521,39,39,627,228,camera_sign_turn_right
1.1291033729994524,40471000000,True,True,173,camera_sign_turn_right,turn_right_sign,right,0.49458193700585135,1600,40,40,627,228,camera_sign_turn_right
1.1719330979994993,40471000000,True,True,174,camera_sign_turn_right,turn_right_sign,right,0.49235084779002736,1600,40,40,627,228,camera_sign_turn_right
1.1929761979999967,40574000000,True,True,175,camera_sign_turn_right,turn_right_sign,right,0.5005279731177473,1560,39,40,628,228,camera_sign_turn_right
1.2376951369997187,40574000000,True,True,176,camera_sign_turn_right,turn_right_sign,right,0.5005530032124759,1560,39,40,628,228,camera_sign_turn_right
1.2736141630002749,40574000000,True,True,177,camera_sign_turn_right,turn_right_sign,right,0.5000789792506377,1600,40,40,628,228,camera_sign_turn_right
1.3170585739999296,40672000000,True,True,178,camera_sign_turn_right,turn_right_sign,right,0.4986931796070346,1600,40,40,628,228,camera_sign_turn_right
1.3509504189996733,40672000000,True,True,179,camera_sign_turn_right,turn_right_sign,right,0.48966167920563247,1640,41,40,628,228,camera_sign_turn_right
1.374303267999494,40672000000,True,True,180,camera_sign_turn_right,turn_right_sign,right,0.4966284578238809,1600,40,40,629,227,camera_sign_turn_right
1.4050610650001545,40773000000,True,True,181,camera_sign_turn_right,turn_right_sign,right,0.5078560773769649,1560,39,40,629,227,camera_sign_turn_right
1.4390259980000337,40773000000,True,True,182,camera_sign_turn_right,turn_right_sign,right,0.5075243511682622,1560,39,40,629,227,camera_sign_turn_right
1.4640115989996048,40773000000,True,True,183,camera_sign_turn_right,turn_right_sign,right,0.5060060002822987,1600,40,40,629,227,camera_sign_turn_right
1.5217066499999419,40872000000,True,True,184,camera_sign_turn_right,turn_right_sign,right,0.5063475325486737,1600,40,40,629,227,camera_sign_turn_right
1.5406577510002535,40872000000,True,True,185,camera_sign_turn_right,turn_right_sign,right,0.503794612800799,1640,40,41,629,227,camera_sign_turn_right
1.5860477340002035,40872000000,True,True,186,camera_sign_turn_right,turn_right_sign,right,0.5031192599241048,1640,40,41,629,227,camera_sign_turn_right
1.634157227000287,40971000000,True,True,187,camera_sign_turn_right,turn_right_sign,right,0.5045445404880398,1640,40,41,629,227,camera_sign_turn_right
1.6551169750000554,40971000000,True,True,188,camera_sign_turn_right,turn_right_sign,right,0.5067131712672384,1640,40,41,629,227,camera_sign_turn_right
1.7361845180003002,41072000000,True,True,189,camera_sign_turn_right,turn_right_sign,right,0.5046582551041934,1640,40,41,629,227,camera_sign_turn_right
1.7421924600002967,41072000000,True,True,190,camera_sign_turn_right,turn_right_sign,right,0.5051188867498222,1640,40,41,629,227,camera_sign_turn_right
1.7481999229994472,41072000000,True,True,191,camera_sign_turn_right,turn_right_sign,right,0.5036089479331147,1640,40,41,629,227,camera_sign_turn_right
1.773067694999554,41072000000,True,True,192,camera_sign_turn_right,turn_right_sign,right,0.5021757544387492,1640,40,41,629,227,camera_sign_turn_right
1.8168446399995446,41175000000,True,True,193,camera_sign_turn_right,turn_right_sign,right,0.502541655661046,1640,40,41,629,227,camera_sign_turn_right
1.839176039999984,41175000000,True,True,194,camera_sign_turn_right,turn_right_sign,right,0.5004696974473648,1681,41,41,630,227,camera_sign_turn_right
1.8679770839999037,41175000000,True,True,195,camera_sign_turn_right,turn_right_sign,right,0.49847461067516774,1681,41,41,630,227,camera_sign_turn_right
1.898403108999446,41272000000,True,True,196,camera_sign_turn_right,turn_right_sign,right,0.5088079989039368,1640,40,41,630,227,camera_sign_turn_right
1.9401821889996427,41272000000,True,True,197,camera_sign_turn_right,turn_right_sign,right,0.5036792567236934,1760,40,44,630,227,camera_sign_turn_right
1.969280921999598,41272000000,True,True,198,camera_sign_turn_right,turn_right_sign,right,0.5009836790766171,1804,41,44,630,227,camera_sign_turn_right
2.0079451149995293,41375000000,True,True,199,camera_sign_turn_right,turn_right_sign,right,0.499763106029128,1804,41,44,631,227,camera_sign_turn_right
2.051113730999532,41375000000,True,True,200,camera_sign_turn_right,turn_right_sign,right,0.499418680243827,1804,41,44,631,227,camera_sign_turn_right
2.081341215000066,41375000000,True,True,201,camera_sign_turn_right,turn_right_sign,right,0.5034888649195151,1804,41,44,631,227,camera_sign_turn_right
2.1122808230002192,41474000000,True,True,202,camera_sign_turn_right,turn_right_sign,right,0.5027235286825893,1804,41,44,632,227,camera_sign_turn_right
2.1378948800002036,41474000000,True,True,203,camera_sign_turn_right,turn_right_sign,right,0.4995762598729413,1804,41,44,632,227,camera_sign_turn_right
2.163368743999854,41474000000,True,True,204,camera_sign_turn_right,turn_right_sign,right,0.5040802900123195,1804,41,44,633,226,camera_sign_turn_right
2.208232238999699,41575000000,True,True,205,camera_sign_turn_right,turn_right_sign,right,0.5006329089276412,1804,41,44,633,226,camera_sign_turn_right
2.242542166000021,41575000000,True,True,206,camera_sign_turn_right,turn_right_sign,right,0.5084622868819265,1845,41,45,634,226,camera_sign_turn_right
2.278144854999482,41575000000,True,True,207,camera_sign_turn_right,turn_right_sign,right,0.5056561445647394,1845,41,45,634,226,camera_sign_turn_right
2.334464632000163,41671000000,True,True,208,camera_sign_turn_right,turn_right_sign,right,0.4896811715723082,1980,44,45,634,226,camera_sign_turn_right
2.3438456490002864,41671000000,True,True,209,camera_sign_turn_right,turn_right_sign,right,0.5072777770984557,1845,41,45,635,226,camera_sign_turn_right
2.3652138480001668,41671000000,True,True,210,camera_sign_turn_right,turn_right_sign,right,0.5106850714670891,1845,41,45,636,226,camera_sign_turn_right
2.418395235999924,41776000000,True,True,211,camera_sign_turn_right,turn_right_sign,right,0.4970953198881341,1980,44,45,636,226,camera_sign_turn_right
2.4423847790003492,41776000000,True,True,212,camera_sign_turn_right,turn_right_sign,right,0.5147732369046911,1845,41,45,637,226,camera_sign_turn_right
2.47988534399974,41776000000,True,True,213,camera_sign_turn_right,turn_right_sign,right,0.49549955935983303,1980,44,45,637,226,camera_sign_turn_right
2.5185637989998213,41875000000,True,True,214,camera_sign_turn_right,turn_right_sign,right,0.49462292192477786,2112,44,48,638,226,camera_sign_turn_right
2.541988807999587,41875000000,True,True,215,camera_sign_turn_right,turn_right_sign,right,0.4984725251370112,2112,44,48,639,226,camera_sign_turn_right
2.5993343449999884,41977000000,True,True,216,camera_sign_turn_right,turn_right_sign,right,0.4911032127252259,2160,45,48,640,226,camera_sign_turn_right
2.6080070489997524,41977000000,True,True,217,camera_sign_turn_right,turn_right_sign,right,0.49502274681073094,2112,44,48,640,226,camera_sign_turn_right
2.6627449910001815,41977000000,True,True,218,camera_sign_turn_right,turn_right_sign,right,0.5007241687128338,2112,44,48,641,226,camera_sign_turn_right
2.672634138999456,41977000000,True,True,219,camera_sign_turn_right,turn_right_sign,right,0.4988604090341946,2112,44,48,642,225,camera_sign_turn_right
2.7086448179998115,42078000000,True,True,220,camera_sign_turn_right,turn_right_sign,right,0.4929748083651945,2205,45,49,643,225,camera_sign_turn_right
2.727174804000242,42078000000,True,True,221,camera_sign_turn_right,turn_right_sign,right,0.4954823139344037,2205,45,49,644,225,camera_sign_turn_right
2.776184067000031,42078000000,True,True,222,camera_sign_turn_right,turn_right_sign,right,0.49834419614941,2205,45,49,645,225,camera_sign_turn_right
2.8088581399997565,42176000000,True,True,223,camera_sign_turn_right,turn_right_sign,right,0.4897716035141575,2352,48,49,646,225,camera_sign_turn_right
2.8431502960002035,42176000000,True,True,224,camera_sign_turn_right,turn_right_sign,right,0.4913000797031469,2352,48,49,647,225,camera_sign_turn_right
2.8651448749997144,42176000000,True,True,225,camera_sign_turn_right,turn_right_sign,right,0.4919522701446634,2352,48,49,648,225,camera_sign_turn_right
2.9123243630001525,42276000000,True,True,226,camera_sign_turn_right,turn_right_sign,right,0.4936209382196429,2400,48,50,649,225,camera_sign_turn_right
2.9312818620001053,42276000000,True,True,227,camera_sign_turn_right,turn_right_sign,right,0.49261385027541615,2400,48,50,650,225,camera_sign_turn_right
2.9890982810002242,42276000000,True,True,228,camera_sign_turn_right,turn_right_sign,right,0.49316940445467433,2450,49,50,652,225,camera_sign_turn_right
3.0142701679997117,42374000000,True,True,229,camera_sign_turn_right,turn_right_sign,right,0.4930568986250873,2450,49,50,653,225,camera_sign_turn_right
3.0436902929995995,42374000000,True,True,230,camera_sign_turn_right,turn_right_sign,right,0.4993357500016788,2400,48,50,654,225,camera_sign_turn_right
3.0865718200002448,42374000000,True,True,231,camera_sign_turn_right,turn_right_sign,right,0.49503368874228837,2597,49,53,655,224,camera_sign_turn_right
3.110603944000104,42475000000,True,True,232,camera_sign_turn_right,turn_right_sign,right,0.4961047819119617,2597,49,53,657,224,camera_sign_turn_right
3.144753542000217,42475000000,True,True,233,camera_sign_turn_right,turn_right_sign,right,0.49460220082199374,2597,49,53,658,224,camera_sign_turn_right
3.1657805919994644,42475000000,True,True,234,camera_sign_turn_right,turn_right_sign,right,0.48984252334707923,2650,50,53,659,224,camera_sign_turn_right
3.212334157999976,42575000000,True,True,235,camera_sign_turn_right,turn_right_sign,right,0.498349413956656,2646,49,54,661,224,camera_sign_turn_right
3.2299830140000267,42575000000,True,True,236,camera_sign_turn_right,turn_right_sign,right,0.4967632804662951,2700,50,54,662,224,camera_sign_turn_right
3.2781531410000753,42575000000,True,True,237,camera_sign_turn_right,turn_right_sign,right,0.4985581037378324,2650,50,53,663,224,camera_sign_turn_right
3.3086550489997535,42677000000,True,True,238,camera_sign_turn_right,turn_right_sign,right,0.487871808323818,2809,53,53,665,223,camera_sign_turn_right
3.3430876259999422,42677000000,True,True,239,camera_sign_turn_right,turn_right_sign,right,0.49341337806187446,2809,53,53,666,223,camera_sign_turn_right
3.375980724999863,42677000000,True,True,240,camera_sign_turn_right,turn_right_sign,right,0.492429289040734,2862,53,54,668,223,camera_sign_turn_right
3.3962409149999075,42780000000,True,True,241,camera_sign_turn_right,turn_right_sign,right,0.4973771025057068,2862,53,54,670,223,camera_sign_turn_right
3.439074883000103,42780000000,True,True,242,camera_sign_turn_right,turn_right_sign,right,0.4942705634241333,2862,53,54,671,223,camera_sign_turn_right
3.471844128000157,42780000000,True,True,243,camera_sign_turn_right,turn_right_sign,right,0.49052351417797374,2916,54,54,672,223,camera_sign_turn_right
3.5044532989995787,42882000000,True,True,244,camera_sign_turn_right,turn_right_sign,right,0.4962656728717803,2970,54,55,674,222,camera_sign_turn_right
3.5367131100001643,42882000000,True,True,245,camera_sign_turn_right,turn_right_sign,right,0.493947593794431,3025,55,55,676,222,camera_sign_turn_right
3.59264522400008,42882000000,True,True,246,camera_sign_turn_right,turn_right_sign,right,0.49904821879757505,2970,54,55,677,222,camera_sign_turn_right
3.6263242289996924,42973000000,True,True,247,camera_sign_turn_right,turn_right_sign,right,0.4939148619974474,3025,55,55,679,222,camera_sign_turn_right
3.6575904880000962,42973000000,True,True,248,camera_sign_turn_right,turn_right_sign,right,0.4956172229160546,3190,55,58,681,222,camera_sign_turn_right
3.678929292000248,42973000000,True,True,249,camera_sign_turn_right,turn_right_sign,right,0.497624162899899,3190,55,58,682,222,camera_sign_turn_right
3.70882748799977,43079000000,True,True,250,camera_sign_turn_right,turn_right_sign,right,0.48716532016001063,3364,58,58,684,222,camera_sign_turn_right
3.7407073819995276,43079000000,True,True,251,camera_sign_turn_right,turn_right_sign,right,0.4897850015235446,3422,58,59,686,221,camera_sign_turn_right
3.787362631999713,43079000000,True,True,252,camera_sign_turn_right,turn_right_sign,right,0.4906491024442801,3422,58,59,688,221,camera_sign_turn_right
3.808855526000116,43179000000,True,True,253,camera_sign_turn_right,turn_right_sign,right,0.49109169947339487,3481,59,59,690,221,camera_sign_turn_right
3.8418727349999244,43179000000,True,True,254,camera_sign_turn_right,turn_right_sign,right,0.4933678884921527,3540,59,60,692,221,camera_sign_turn_right
3.88526548200025,43179000000,True,True,255,camera_sign_turn_right,turn_right_sign,right,0.49317060064700785,3540,59,60,695,221,camera_sign_turn_right
3.928162983999755,43281000000,True,True,256,camera_sign_turn_right,turn_right_sign,right,0.49368317712122933,3600,60,60,697,221,camera_sign_turn_right
3.9338394999995216,43281000000,True,True,257,camera_sign_turn_right,turn_right_sign,right,0.488465801580613,3780,60,63,699,220,camera_sign_turn_right
3.9759299300003477,43281000000,True,True,258,camera_sign_turn_right,turn_right_sign,right,0.4817125200178596,3969,63,63,702,220,camera_sign_turn_right
4.009746736999659,43380000000,True,True,259,camera_sign_turn_right,turn_right_sign,right,0.48562203053739567,3969,63,63,705,220,camera_sign_turn_right
4.042886377000286,43380000000,True,True,260,camera_sign_turn_right,turn_right_sign,right,0.4846871095977209,4096,64,64,707,219,camera_sign_turn_right
4.065285229999972,43380000000,True,True,261,camera_sign_turn_right,turn_right_sign,right,0.4792864121402388,4225,65,65,710,220,camera_sign_turn_right
4.119007426999815,43480000000,True,True,262,camera_sign_turn_right,turn_right_sign,right,0.4868182964062631,4225,65,65,713,219,camera_sign_turn_right
4.152497213999595,43480000000,True,True,263,camera_sign_turn_right,turn_right_sign,right,0.4826964292231223,4420,65,68,716,219,camera_sign_turn_right
4.184994413999448,43480000000,True,True,264,camera_sign_turn_right,turn_right_sign,right,0.47457802978258967,4692,68,69,718,219,camera_sign_turn_right
4.2065445270000055,43583000000,True,True,265,camera_sign_turn_right,turn_right_sign,right,0.47709647435331765,4692,68,69,721,218,camera_sign_turn_right
4.2389919099996405,43583000000,True,True,266,camera_sign_turn_right,turn_right_sign,right,0.4746185708074082,4761,69,69,724,218,camera_sign_turn_right
4.288608505999946,43583000000,True,True,267,camera_sign_turn_right,turn_right_sign,right,0.4759604870359528,4830,69,70,727,218,camera_sign_turn_right
4.2992860029999065,43681000000,True,True,268,camera_sign_turn_right,turn_right_sign,right,0.47686975778780155,4900,70,70,730,218,camera_sign_turn_right
4.332338201999846,43681000000,True,True,269,camera_sign_turn_right,turn_right_sign,right,0.4756151283783533,5110,70,73,733,217,camera_sign_turn_right
4.379622288999599,43681000000,True,True,270,camera_sign_turn_right,turn_right_sign,right,0.4699918206763835,5329,73,73,737,217,camera_sign_turn_right
4.411312968999482,43780000000,True,True,271,camera_sign_turn_right,turn_right_sign,right,0.4730108225823472,5402,73,74,740,217,camera_sign_turn_right
4.455113492000237,43780000000,True,True,272,camera_sign_turn_right,turn_right_sign,right,0.4734266847790967,5476,74,74,743,217,camera_sign_turn_right
4.4998811229997955,43881000000,True,True,273,camera_sign_turn_right,turn_right_sign,right,0.47403605604171,5625,75,75,747,216,camera_sign_turn_right
4.506797107000239,43881000000,True,False,1,camera_sign_turn_left,turn_left_sign,left,0.46579423412402177,6084,78,78,750,216,camera_sign_turn_right
4.547192854000059,43881000000,True,True,2,camera_sign_turn_left,turn_left_sign,left,0.4683580199064158,6162,78,79,754,216,camera_sign_turn_left
4.578210435999608,43881000000,True,True,3,camera_sign_turn_left,turn_left_sign,left,0.4696399852672532,6320,79,80,757,216,camera_sign_turn_left
4.608051768999758,43982000000,True,True,4,camera_sign_turn_left,turn_left_sign,left,0.4718274950688131,6320,79,80,761,216,camera_sign_turn_left
4.6433112389995586,43982000000,True,True,5,camera_sign_turn_left,turn_left_sign,left,0.46784045508043787,6889,83,83,768,215,camera_sign_turn_left
4.676840154999809,43982000000,True,True,6,camera_sign_turn_left,turn_left_sign,left,0.47142786896398786,7140,85,84,777,215,camera_sign_turn_left
4.712377724999897,44080000000,True,True,7,camera_sign_turn_left,turn_left_sign,left,0.4726348911580674,7480,88,85,785,214,camera_sign_turn_left
4.745803511000304,44080000000,True,True,8,camera_sign_turn_left,turn_left_sign,left,0.4721537136963063,7920,90,88,793,214,camera_sign_turn_left
4.779738981000264,44080000000,True,True,9,camera_sign_turn_left,turn_left_sign,left,0.4715398479815623,8460,94,90,802,213,camera_sign_turn_left
4.801791932000015,44181000000,True,True,10,camera_sign_turn_left,turn_left_sign,left,0.4733340211925128,8835,95,93,810,213,camera_sign_turn_left
4.845640882000225,44181000000,True,True,11,camera_sign_turn_left,turn_left_sign,left,0.47432317604712715,9306,99,94,819,212,camera_sign_turn_left
4.876719641999443,44181000000,True,True,12,camera_sign_turn_left,turn_left_sign,left,0.47532195755226747,9785,103,95,827,212,camera_sign_turn_left
4.909653992999665,44286000000,True,True,13,camera_sign_turn_left,turn_left_sign,left,0.4761992132530956,10290,105,98,836,211,camera_sign_turn_left
4.941895781000312,44286000000,True,True,14,camera_sign_turn_left,turn_left_sign,left,0.47420267934520904,10900,109,100,845,211,camera_sign_turn_left
4.976552666999851,44286000000,True,True,15,camera_sign_turn_left,turn_left_sign,left,0.4745324835489858,11639,113,103,854,210,camera_sign_turn_left
5.00010230099997,44286000000,True,True,16,camera_sign_turn_left,turn_left_sign,left,0.4779231987834865,11960,115,104,862,210,camera_sign_turn_left
5.041441829000178,44385000000,True,True,17,camera_sign_turn_left,turn_left_sign,left,0.47474562184212155,12852,119,108,872,209,camera_sign_turn_left
5.079480383999908,44385000000,True,True,18,camera_sign_turn_left,turn_left_sign,left,0.47795121526574447,13407,123,109,881,209,camera_sign_turn_left
5.113657963000151,44483000000,True,True,19,camera_sign_turn_left,turn_left_sign,left,0.47507484985480464,14464,128,113,891,208,camera_sign_turn_left
5.178266818000338,44483000000,True,True,20,camera_sign_turn_left,turn_left_sign,left,0.4808979027752333,14136,124,114,900,207,camera_sign_turn_left
5.1848347770001055,44483000000,True,True,21,camera_sign_turn_left,turn_left_sign,left,0.48495027487428327,13806,117,118,910,207,camera_sign_turn_left
5.210244607999812,44585000000,True,True,22,camera_sign_turn_left,turn_left_sign,left,0.48000246154801807,12840,107,120,919,206,camera_sign_turn_left
5.23394572899997,44585000000,True,True,23,camera_sign_turn_left,turn_left_sign,left,0.4836722762580971,11808,96,123,924,207,camera_sign_turn_left
5.266900863999581,44585000000,True,True,24,camera_sign_turn_left,turn_left_sign,left,0.48017491725946315,10668,84,127,930,208,camera_sign_turn_left
5.299056044000281,44585000000,True,True,25,camera_sign_turn_left,turn_left_sign,left,0.4850872671519758,9472,74,128,935,208,camera_sign_turn_left
5.33288977400025,44686000000,True,True,26,camera_sign_turn_left,turn_left_sign,left,0.48786237625719275,7688,62,124,939,209,camera_sign_turn_left
5.377719486999922,44686000000,True,True,27,camera_sign_turn_left,turn_left_sign,left,0.4868024395255412,6000,50,120,942,210,camera_sign_turn_left
5.417683247999776,44782000000,True,False,1,camera_sign_turn_right,turn_right_sign,right,0.49775891028701247,4294,38,113,947,211,camera_sign_turn_left
5.4447754960001475,44782000000,True,True,2,camera_sign_turn_right,turn_right_sign,right,0.5146846057076848,2475,25,99,952,214,camera_sign_turn_left
5.4789589989995875,44782000000,True,True,3,camera_sign_turn_right,turn_right_sign,right,0.48969268210612193,1095,15,73,955,216,camera_sign_turn_left
5.521415344000161,44886000000,True,True,3,camera_sign_turn_right,turn_right_sign,right,0.48969268210612193,1095,15,73,955,216,camera_sign_turn_left
5.541507600999466,44886000000,True,True,3,camera_sign_turn_right,turn_right_sign,right,0.48969268210612193,1095,15,73,955,216,camera_sign_turn_left
5.577000334000331,44886000000,True,True,3,camera_sign_turn_right,turn_right_sign,right,0.48969268210612193,1095,15,73,955,216,camera_sign_turn_left
5.613095273999534,44983000000,True,True,3,camera_sign_turn_right,turn_right_sign,right,0.48969268210612193,1095,15,73,955,216,camera_sign_turn_left
5.648552534999908,44983000000,True,True,4,camera_sign_turn_right,turn_right_sign,right,0.32589029696267463,748,17,44,306,261,camera_sign_turn_left
5.68380035500013,44983000000,True,True,4,camera_sign_turn_right,turn_right_sign,right,0.32589029696267463,748,17,44,306,261,camera_sign_turn_left
5.7329211480000595,45079000000,True,True,4,camera_sign_turn_right,turn_right_sign,right,0.32589029696267463,748,17,44,306,261,camera_sign_turn_left
5.7505658029995175,45079000000,True,True,4,camera_sign_turn_right,turn_right_sign,right,0.32589029696267463,748,17,44,306,261,camera_sign_turn_left
5.774548616000175,45079000000,True,True,4,camera_sign_turn_right,turn_right_sign,right,0.32589029696267463,748,17,44,306,261,camera_sign_turn_left
5.808131578999564,45180000000,True,True,4,camera_sign_turn_right,turn_right_sign,right,0.32589029696267463,748,17,44,306,261,camera_sign_turn_left
5.841459348999706,45180000000,True,True,4,camera_sign_turn_right,turn_right_sign,right,0.32589029696267463,748,17,44,306,261,camera_sign_turn_left
5.887885727999674,45180000000,True,True,4,camera_sign_turn_right,turn_right_sign,right,0.32589029696267463,748,17,44,306,261,camera_sign_turn_left
5.921571793000112,45278000000,True,True,4,camera_sign_turn_right,turn_right_sign,right,0.32589029696267463,748,17,44,306,261,camera_sign_turn_left
5.943581423999603,45278000000,True,True,4,camera_sign_turn_right,turn_right_sign,right,0.32589029696267463,748,17,44,306,261,camera_sign_turn_left
5.9996512959996835,45278000000,True,True,4,camera_sign_turn_right,turn_right_sign,right,0.32589029696267463,748,17,44,306,261,camera_sign_turn_left
6.022822345999884,45378000000,True,True,4,camera_sign_turn_right,turn_right_sign,right,0.32589029696267463,748,17,44,306,261,camera_sign_turn_left
6.0661509330002445,45378000000,True,True,4,camera_sign_turn_right,turn_right_sign,right,0.32589029696267463,748,17,44,306,261,camera_sign_turn_left
6.080815758999961,45378000000,True,True,4,camera_sign_turn_right,turn_right_sign,right,0.32589029696267463,748,17,44,306,261,camera_sign_turn_left
6.109050629999729,45480000000,False,False,0,,,,0.0,0,0,0,0,0,camera_sign_turn_left
6.155528459999914,45480000000,False,False,0,,,,0.0,0,0,0,0,0,camera_sign_turn_left
6.188935013999981,45480000000,False,False,0,,,,0.0,0,0,0,0,0,camera_sign_turn_left
6.245511193000311,45578000000,False,False,0,,,,0.0,0,0,0,0,0,camera_sign_turn_left
6.253767553999751,45578000000,False,False,0,,,,0.0,0,0,0,0,0,camera_sign_turn_left
6.303033488999972,45578000000,False,False,0,,,,0.0,0,0,0,0,0,camera_sign_turn_left
6.334651232999931,45681000000,False,False,0,,,,0.0,0,0,0,0,0,camera_sign_turn_left
6.353080269999737,45681000000,False,False,0,,,,0.0,0,0,0,0,0,camera_sign_turn_left
6.386090576000242,45681000000,False,False,0,,,,0.0,0,0,0,0,0,camera_sign_turn_left
6.409939158999805,45681000000,False,False,0,,,,0.0,0,0,0,0,0,camera_sign_turn_left
6.455230136999489,45783000000,False,False,0,,,,0.0,0,0,0,0,0,camera_sign_turn_left
6.486691459999747,45783000000,False,False,0,,,,0.0,0,0,0,0,0,camera_sign_turn_left
6.520192121000036,45882000000,False,False,0,,,,0.0,0,0,0,0,0,camera_sign_turn_left
6.551112785999976,45882000000,False,False,0,,,,0.0,0,0,0,0,0,camera_sign_turn_left
6.582988180999564,45882000000,False,False,0,,,,0.0,0,0,0,0,0,camera_sign_turn_left
6.618546472000162,45984000000,False,False,0,,,,0.0,0,0,0,0,0,camera_sign_turn_left
6.656386222000037,45984000000,False,False,0,,,,0.0,0,0,0,0,0,camera_sign_turn_left
6.690606686000137,45984000000,False,False,0,,,,0.0,0,0,0,0,0,camera_sign_turn_left
6.725144922999789,46081000000,False,False,0,,,,0.0,0,0,0,0,0,camera_sign_turn_left
6.768380542999694,46081000000,False,False,0,,,,0.0,0,0,0,0,0,camera_sign_turn_left
6.781327577999946,46081000000,False,False,0,,,,0.0,0,0,0,0,0,camera_sign_turn_left
6.823197140999582,46183000000,False,False,0,,,,0.0,0,0,0,0,0,camera_sign_turn_left
6.866762026000288,46183000000,False,False,0,,,,0.0,0,0,0,0,0,camera_sign_turn_left
6.901626472000316,46183000000,False,False,0,,,,0.0,0,0,0,0,0,camera_sign_turn_left
6.92351223300011,46284000000,False,False,0,,,,0.0,0,0,0,0,0,camera_sign_turn_left
6.9543366779998905,46284000000,False,False,0,,,,0.0,0,0,0,0,0,camera_sign_turn_left
6.987653193999904,46284000000,False,False,0,,,,0.0,0,0,0,0,0,camera_sign_turn_left
7.032036661999882,46385000000,False,False,0,,,,0.0,0,0,0,0,0,camera_sign_turn_left
7.05469445899962,46385000000,False,False,0,,,,0.0,0,0,0,0,0,camera_sign_turn_left
7.090461027999481,46385000000,False,False,0,,,,0.0,0,0,0,0,0,camera_sign_turn_left
7.124268665999807,46482000000,False,False,0,,,,0.0,0,0,0,0,0,camera_sign_turn_left
7.156753375000335,46482000000,False,False,0,,,,0.0,0,0,0,0,0,camera_sign_turn_left
7.177423416000238,46482000000,False,False,0,,,,0.0,0,0,0,0,0,camera_sign_turn_left
7.243552408000141,46584000000,False,False,0,,,,0.0,0,0,0,0,0,camera_sign_turn_left
7.276925950999612,46584000000,False,False,0,,,,0.0,0,0,0,0,0,camera_sign_turn_left
7.286731313000018,46584000000,False,False,0,,,,0.0,0,0,0,0,0,camera_sign_turn_left
7.313051426999664,46584000000,False,False,0,,,,0.0,0,0,0,0,0,camera_sign_turn_left
7.341523275000327,46688000000,False,False,0,,,,0.0,0,0,0,0,0,camera_sign_turn_left
7.389401776999875,46688000000,False,False,0,,,,0.0,0,0,0,0,0,camera_sign_turn_left
7.427394739000192,46784000000,True,False,1,camera_sign_turn_right,turn_right_sign,right,0.5315159235181139,841,29,29,11,231,camera_sign_turn_left
7.45983440100008,46784000000,True,False,1,camera_sign_turn_right,turn_right_sign,right,0.5315159235181139,841,29,29,11,231,camera_sign_turn_left
7.492570264999813,46784000000,True,False,1,camera_sign_turn_right,turn_right_sign,right,0.5315159235181139,841,29,29,11,231,camera_sign_turn_left
7.5138190380002925,46784000000,True,False,1,camera_sign_turn_right,turn_right_sign,right,0.5315159235181139,841,29,29,11,231,camera_sign_turn_left
7.545913123999526,46885000000,True,False,1,camera_sign_turn_right,turn_right_sign,right,0.5315159235181139,841,29,29,11,231,camera_sign_turn_left
7.58996044200012,46885000000,True,False,1,camera_sign_turn_right,turn_right_sign,right,0.5315159235181139,841,29,29,11,231,camera_sign_turn_left
7.633397321000302,46988000000,True,False,1,camera_sign_turn_right,turn_right_sign,right,0.5315159235181139,841,29,29,11,231,camera_sign_turn_left
7.65505246199973,46988000000,True,False,1,camera_sign_turn_right,turn_right_sign,right,0.5315159235181139,841,29,29,11,231,camera_sign_turn_left
7.68045118200007,46988000000,True,False,1,camera_sign_turn_right,turn_right_sign,right,0.5315159235181139,841,29,29,11,231,camera_sign_turn_left
7.722685755999919,47086000000,True,False,1,camera_sign_turn_right,turn_right_sign,right,0.5315159235181139,841,29,29,11,231,camera_sign_turn_left
7.755430096000055,47086000000,True,False,1,camera_sign_turn_right,turn_right_sign,right,0.5315159235181139,841,29,29,11,231,camera_sign_turn_left
7.790948533999654,47086000000,True,False,1,camera_sign_turn_right,turn_right_sign,right,0.5315159235181139,841,29,29,11,231,camera_sign_turn_left
7.814327543000218,47086000000,True,False,1,camera_sign_turn_right,turn_right_sign,right,0.5315159235181139,841,29,29,11,231,camera_sign_turn_left
7.845811958000013,47185000000,True,False,1,camera_sign_turn_right,turn_right_sign,right,0.5315159235181139,841,29,29,11,231,camera_sign_turn_left
7.878492050999739,47185000000,True,False,1,camera_sign_turn_right,turn_right_sign,right,0.5315159235181139,841,29,29,11,231,camera_sign_turn_left
7.922783572000299,47286000000,False,False,0,,,,0.0,0,0,0,0,0,camera_sign_turn_left
7.967670559999533,47286000000,False,False,0,,,,0.0,0,0,0,0,0,camera_sign_turn_left
7.980683840999518,47286000000,False,False,0,,,,0.0,0,0,0,0,0,camera_sign_turn_left
8.046281574999739,47387000000,False,False,0,,,,0.0,0,0,0,0,0,camera_sign_turn_left
8.056686156000069,47387000000,False,False,0,,,,0.0,0,0,0,0,0,camera_sign_turn_left
8.09118242600016,47387000000,False,False,0,,,,0.0,0,0,0,0,0,camera_sign_turn_left
8.112211398,47387000000,False,False,0,,,,0.0,0,0,0,0,0,camera_sign_turn_left
8.179885507000108,47489000000,False,False,0,,,,0.0,0,0,0,0,0,camera_sign_turn_left
8.185370405999493,47489000000,False,False,0,,,,0.0,0,0,0,0,0,camera_sign_turn_left
8.222922468999968,47587000000,False,False,0,,,,0.0,0,0,0,0,0,camera_sign_turn_left
8.249595235000015,47587000000,False,False,0,,,,0.0,0,0,0,0,0,camera_sign_turn_left
8.29748689400003,47587000000,False,False,0,,,,0.0,0,0,0,0,0,camera_sign_turn_left
8.31483233400013,47587000000,False,False,0,,,,0.0,0,0,0,0,0,camera_sign_turn_left
8.371369165000033,47688000000,False,False,0,,,,0.0,0,0,0,0,0,camera_sign_turn_left
8.392566929999703,47688000000,False,False,0,,,,0.0,0,0,0,0,0,camera_sign_turn_left
8.439078010999765,47789000000,False,False,0,,,,0.0,0,0,0,0,0,camera_sign_turn_left
8.46728383899972,47789000000,False,False,0,,,,0.0,0,0,0,0,0,camera_sign_turn_left
8.47774043299978,47789000000,False,False,0,,,,0.0,0,0,0,0,0,camera_sign_turn_left
8.514055994000046,47789000000,False,False,0,,,,0.0,0,0,0,0,0,camera_sign_turn_left
8.557366908999938,47892000000,False,False,0,,,,0.0,0,0,0,0,0,camera_sign_turn_left
8.597684727000342,47892000000,False,False,0,,,,0.0,0,0,0,0,0,camera_sign_turn_left
8.625342833000104,47988000000,False,False,0,,,,0.0,0,0,0,0,0,camera_sign_turn_left
8.650566886999513,47988000000,False,False,0,,,,0.0,0,0,0,0,0,camera_sign_turn_left
8.698296649999975,47988000000,False,False,0,,,,0.0,0,0,0,0,0,camera_sign_turn_left
8.726383917999556,48089000000,False,False,0,,,,0.0,0,0,0,0,0,camera_sign_turn_left
8.771071950000078,48089000000,False,False,0,,,,0.0,0,0,0,0,0,camera_sign_turn_left
8.809274139999616,48089000000,False,False,0,,,,0.0,0,0,0,0,0,camera_sign_turn_left
8.82828863299983,48190000000,False,False,0,,,,0.0,0,0,0,0,0,camera_sign_turn_left
8.882375831999525,48190000000,False,False,0,,,,0.0,0,0,0,0,0,camera_sign_turn_left
8.893944606999867,48190000000,False,False,0,,,,0.0,0,0,0,0,0,camera_sign_turn_left
8.94741506399987,48293000000,False,False,0,,,,0.0,0,0,0,0,0,camera_sign_turn_left
8.955253270999492,48293000000,False,False,0,,,,0.0,0,0,0,0,0,camera_sign_turn_left
8.991326770999876,48293000000,False,False,0,,,,0.0,0,0,0,0,0,camera_sign_turn_left
9.024394475999543,48293000000,False,False,0,,,,0.0,0,0,0,0,0,camera_sign_turn_left
9.06902545399953,48393000000,False,False,0,,,,0.0,0,0,0,0,0,camera_sign_turn_left
9.091337932999522,48393000000,False,False,0,,,,0.0,0,0,0,0,0,camera_sign_turn_left
9.114489816999594,48393000000,False,False,0,,,,0.0,0,0,0,0,0,camera_sign_turn_left
9.145596862000275,48495000000,False,False,0,,,,0.0,0,0,0,0,0,camera_sign_turn_left
9.193873684999744,48495000000,False,False,0,,,,0.0,0,0,0,0,0,camera_sign_turn_left
9.218162668999867,48495000000,True,False,1,camera_sign_speed_limit,speed_limit_sign,,0.4025483383600283,900,30,30,666,205,camera_sign_turn_left
9.260518885999772,48593000000,True,True,2,camera_sign_speed_limit,speed_limit_sign,,0.4018913740510274,1360,40,34,671,203,camera_sign_turn_left
9.29652281699964,48593000000,True,True,3,camera_sign_speed_limit,speed_limit_sign,,0.4125168336550388,1394,41,34,671,203,camera_sign_turn_left
9.330465770000046,48693000000,True,True,4,camera_sign_speed_limit,speed_limit_sign,,0.38256462436818794,1271,41,31,672,203,camera_sign_turn_left
9.34969890999946,48693000000,True,True,5,camera_sign_speed_limit,speed_limit_sign,,0.37922712229436706,1271,41,31,672,203,camera_sign_turn_left
9.384451398000238,48693000000,True,True,6,camera_sign_speed_limit,speed_limit_sign,,0.40728442727879477,1394,41,34,672,203,camera_sign_turn_left
9.428515540999797,48794000000,True,True,7,camera_sign_speed_limit,speed_limit_sign,,0.3957441299290451,1394,41,34,672,202,camera_sign_turn_left
9.4582835479996,48794000000,True,True,8,camera_sign_speed_limit,speed_limit_sign,,0.40678688136056596,1435,41,35,672,202,camera_sign_turn_left
9.49536953400002,48794000000,True,True,9,camera_sign_speed_limit,speed_limit_sign,,0.4042796035287009,1435,41,35,672,202,camera_sign_turn_left
9.550126166000155,48891000000,True,True,10,camera_sign_speed_limit,speed_limit_sign,,0.3753806309926594,1271,41,31,672,202,camera_sign_turn_left
9.557966411000052,48891000000,True,True,11,camera_sign_speed_limit,speed_limit_sign,,0.39702997907537085,1364,44,31,671,202,camera_sign_turn_left
9.609277190000284,48891000000,True,True,12,camera_sign_speed_limit,speed_limit_sign,,0.41312397719058097,1496,44,34,671,202,camera_sign_turn_left
9.629891771000075,48992000000,True,True,13,camera_sign_speed_limit,speed_limit_sign,,0.4044041701167531,1496,44,34,671,202,camera_sign_turn_left
9.661177611000312,48992000000,True,True,14,camera_sign_speed_limit,speed_limit_sign,,0.413729729177446,1540,44,35,671,201,camera_sign_turn_left
9.706905860000006,48992000000,True,True,15,camera_sign_speed_limit,speed_limit_sign,,0.4105573316477663,1540,44,35,671,201,camera_sign_turn_left
9.751729157999762,49094000000,True,True,16,camera_sign_speed_limit,speed_limit_sign,,0.40177978266909975,1496,44,34,671,201,camera_sign_turn_left
9.76096818499991,49094000000,True,True,17,camera_sign_speed_limit,speed_limit_sign,,0.40201676484782556,1496,44,34,671,201,camera_sign_turn_left
9.794922004,49094000000,True,True,18,camera_sign_speed_limit,speed_limit_sign,,0.40274633465116005,1540,44,35,672,201,camera_sign_turn_left
9.839990782000314,49196000000,True,True,19,camera_sign_speed_limit,speed_limit_sign,,0.41378138699293876,1584,44,36,672,201,camera_sign_turn_left
9.870675117999781,49196000000,True,True,20,camera_sign_speed_limit,speed_limit_sign,,0.41235464328694343,1540,44,35,672,200,camera_sign_turn_left
9.89542243699998,49196000000,True,True,21,camera_sign_speed_limit,speed_limit_sign,,0.4037115088223876,1496,44,34,672,201,camera_sign_turn_left
9.928771812999912,49196000000,True,True,22,camera_sign_speed_limit,speed_limit_sign,,0.4058199980652081,1530,45,34,673,200,camera_sign_turn_left
9.962162592999448,49295000000,True,True,23,camera_sign_speed_limit,speed_limit_sign,,0.4059474183652231,1540,44,35,673,200,camera_sign_turn_left
10.018164899000112,49295000000,True,True,24,camera_sign_speed_limit,speed_limit_sign,,0.41192100131507553,1620,45,36,674,200,camera_sign_turn_left
10.028350350999972,49295000000,True,True,25,camera_sign_speed_limit,speed_limit_sign,,0.39776965031271877,1540,44,35,674,200,camera_sign_turn_left
10.048648461999619,49396000000,True,True,26,camera_sign_speed_limit,speed_limit_sign,,0.40043630093873805,1575,45,35,675,200,camera_sign_turn_left
10.082801583000219,49396000000,True,True,27,camera_sign_speed_limit,speed_limit_sign,,0.4031605839442175,1620,45,36,675,199,camera_sign_turn_left
10.116063651000331,49396000000,True,True,28,camera_sign_speed_limit,speed_limit_sign,,0.41155506095500016,1620,45,36,676,199,camera_sign_turn_left
10.182165660999999,49497000000,True,True,29,camera_sign_speed_limit,speed_limit_sign,,0.3980825445686267,1575,45,35,677,199,camera_sign_turn_left
10.190305088999594,49497000000,True,True,30,camera_sign_speed_limit,speed_limit_sign,,0.4005746344800717,1620,45,36,678,199,camera_sign_turn_left
10.238963538999997,49599000000,True,True,31,camera_sign_speed_limit,speed_limit_sign,,0.41620115164045834,1755,45,39,679,198,camera_sign_turn_left
10.272048314999665,49599000000,True,True,32,camera_sign_speed_limit,speed_limit_sign,,0.4014214261603064,1728,48,36,679,198,camera_sign_turn_left
10.281654731000344,49599000000,True,True,33,camera_sign_speed_limit,speed_limit_sign,,0.4096451775767539,1764,49,36,681,198,camera_sign_turn_left
10.338432614999874,49699000000,True,True,34,camera_sign_speed_limit,speed_limit_sign,,0.42196338148272283,1911,49,39,682,197,camera_sign_turn_left
10.348535633999745,49699000000,True,True,35,camera_sign_speed_limit,speed_limit_sign,,0.4063190619976451,1764,49,36,683,197,camera_sign_turn_left
10.394148153999595,49699000000,True,True,36,camera_sign_speed_limit,speed_limit_sign,,0.4177024868696577,1950,50,39,684,197,camera_sign_turn_left
10.43897846300024,49800000000,True,True,37,camera_sign_speed_limit,speed_limit_sign,,0.4083941596635432,1911,49,39,685,197,camera_sign_turn_left
10.45993614300005,49800000000,True,True,38,camera_sign_speed_limit,speed_limit_sign,,0.39677293862214824,1764,49,36,687,196,camera_sign_turn_left
10.496640340999875,49800000000,True,True,39,camera_sign_speed_limit,speed_limit_sign,,0.41833391605016834,2000,50,40,688,196,camera_sign_turn_left
10.518576718999611,49800000000,True,True,40,camera_sign_speed_limit,speed_limit_sign,,0.41082333598237636,1950,50,39,690,196,camera_sign_turn_left
10.56494090599972,49897000000,True,True,41,camera_sign_speed_limit,speed_limit_sign,,0.40816765468787297,2000,50,40,691,195,camera_sign_turn_left
10.585520911999993,49897000000,True,True,42,camera_sign_speed_limit,speed_limit_sign,,0.4123404882861697,2067,53,39,693,195,camera_sign_turn_left
10.631356955000228,49897000000,True,True,43,camera_sign_speed_limit,speed_limit_sign,,0.4163249658856592,2120,53,40,695,195,camera_sign_turn_left
10.664167412000097,49996000000,True,True,44,camera_sign_speed_limit,speed_limit_sign,,0.4154565518138361,2120,53,40,696,194,camera_sign_turn_left
10.698628860999634,49996000000,True,True,45,camera_sign_speed_limit,speed_limit_sign,,0.4147356386430956,2214,54,41,698,194,camera_sign_turn_left
10.742308277999655,50096000000,True,True,46,camera_sign_speed_limit,speed_limit_sign,,0.4147854759555986,2160,54,40,700,194,camera_sign_turn_left
10.783303762999822,50096000000,True,True,47,camera_sign_speed_limit,speed_limit_sign,,0.4149468004483874,2214,54,41,702,193,camera_sign_turn_left
10.806479265000235,50096000000,True,True,48,camera_sign_speed_limit,speed_limit_sign,,0.41429297499456685,2378,58,41,704,193,camera_sign_turn_left
10.881915091000337,50192000000,True,True,49,camera_sign_speed_limit,speed_limit_sign,,0.41873290242746947,2378,58,41,706,192,camera_sign_turn_left
10.88955403,50192000000,True,True,50,camera_sign_speed_limit,speed_limit_sign,,0.41163578158533476,2378,58,41,708,192,camera_sign_turn_left
10.901855000999603,50192000000,True,True,51,camera_sign_speed_limit,speed_limit_sign,,0.42735496856706856,2655,59,45,711,191,camera_sign_turn_left
10.94321528599994,50296000000,True,True,52,camera_sign_speed_limit,speed_limit_sign,,0.4241416318220082,2655,59,45,713,191,camera_sign_turn_left
10.965357310999934,50296000000,True,True,53,camera_sign_speed_limit,speed_limit_sign,,0.42658325921407503,2700,60,45,715,190,camera_sign_turn_left
11.014233568000236,50296000000,True,True,54,camera_sign_speed_limit,speed_limit_sign,,0.42474597017927995,2655,59,45,716,190,camera_sign_turn_left
11.032423374000246,50296000000,True,True,55,camera_sign_speed_limit,speed_limit_sign,,0.4186574527587299,2700,60,45,718,190,camera_sign_turn_left
11.05386725199969,50397000000,True,True,56,camera_sign_speed_limit,speed_limit_sign,,0.43083579025680696,2880,60,48,719,190,camera_sign_turn_left
11.11199420399953,50397000000,True,True,57,camera_sign_speed_limit,speed_limit_sign,,0.4300391117497213,2835,63,45,720,189,camera_sign_turn_left
11.132650806000129,50397000000,True,True,58,camera_sign_speed_limit,speed_limit_sign,,0.420385114755699,2835,63,45,722,189,camera_sign_turn_left
11.188077509999857,50497000000,True,True,59,camera_sign_speed_limit,speed_limit_sign,,0.4213377772597944,2835,63,45,723,189,camera_sign_turn_left
11.199175427000228,50497000000,True,True,60,camera_sign_speed_limit,speed_limit_sign,,0.4301211421429826,3024,63,48,724,188,camera_sign_turn_left
11.22147318899988,50497000000,True,True,61,camera_sign_speed_limit,speed_limit_sign,,0.43265385108315,3136,64,49,726,188,camera_sign_turn_left
11.265620358999513,50598000000,True,True,62,camera_sign_speed_limit,speed_limit_sign,,0.42457666624354595,3120,65,48,727,188,camera_sign_turn_left
11.296806872999696,50598000000,True,True,63,camera_sign_speed_limit,speed_limit_sign,,0.42702005593036063,3072,64,48,729,188,camera_sign_turn_left
11.332074998999815,50598000000,True,True,64,camera_sign_speed_limit,speed_limit_sign,,0.43324942751957096,3185,65,49,730,187,camera_sign_turn_left
11.351942545999918,50700000000,True,True,65,camera_sign_speed_limit,speed_limit_sign,,0.42571202786320883,3264,68,48,732,187,camera_sign_turn_left
11.399163903000044,50700000000,True,True,66,camera_sign_speed_limit,speed_limit_sign,,0.42157728674635525,3185,65,49,733,187,camera_sign_turn_left
11.430428577999919,50700000000,True,True,67,camera_sign_speed_limit,speed_limit_sign,,0.4284253042812156,3400,68,50,735,186,camera_sign_turn_left
11.462552642999981,50802000000,True,True,68,camera_sign_speed_limit,speed_limit_sign,,0.4292901536358835,3332,68,49,737,186,camera_sign_turn_left
11.499075718000313,50802000000,True,True,69,camera_sign_speed_limit,speed_limit_sign,,0.431223286460931,3450,69,50,738,186,camera_sign_turn_left
11.540267937999488,50901000000,True,True,70,camera_sign_speed_limit,speed_limit_sign,,0.4257583590082549,3381,69,49,740,185,camera_sign_turn_left
11.58629785299945,50901000000,True,True,71,camera_sign_speed_limit,speed_limit_sign,,0.4236261041353443,3450,69,50,742,185,camera_sign_turn_left
11.59499970700017,50901000000,True,True,72,camera_sign_speed_limit,speed_limit_sign,,0.42938169953473293,3450,69,50,743,185,camera_sign_turn_left
11.640645794999728,51002000000,True,True,73,camera_sign_speed_limit,speed_limit_sign,,0.4275912218579823,3500,70,50,745,184,camera_sign_turn_left
11.651926644000014,51002000000,True,True,74,camera_sign_speed_limit,speed_limit_sign,,0.435376188940224,3710,70,53,747,184,camera_sign_turn_left
11.69845623099991,51002000000,True,True,75,camera_sign_speed_limit,speed_limit_sign,,0.4377933515376933,3869,73,53,748,184,camera_sign_turn_left
11.729625394999857,51002000000,True,True,76,camera_sign_speed_limit,speed_limit_sign,,0.4258771989146381,3650,73,50,750,183,camera_sign_turn_left
11.774391430999458,51103000000,True,True,77,camera_sign_speed_limit,speed_limit_sign,,0.4211489112985794,3700,74,50,752,183,camera_sign_turn_left
11.79772025999955,51103000000,True,True,78,camera_sign_speed_limit,speed_limit_sign,,0.43216629339536244,3922,74,53,754,183,camera_sign_turn_left
11.874515245999646,51202000000,True,True,79,camera_sign_speed_limit,speed_limit_sign,,0.43664677895926374,4050,75,54,755,182,camera_sign_turn_left
11.882980256000337,51202000000,True,True,80,camera_sign_speed_limit,speed_limit_sign,,0.4287038152244045,4050,75,54,757,182,camera_sign_turn_left
11.898026797000057,51202000000,True,True,81,camera_sign_speed_limit,speed_limit_sign,,0.4371025399179225,4050,75,54,759,181,camera_sign_turn_left
11.942812399000104,51301000000,True,True,82,camera_sign_speed_limit,speed_limit_sign,,0.4317591602338642,4212,78,54,761,181,camera_sign_turn_left
11.952964350000002,51301000000,True,True,83,camera_sign_speed_limit,speed_limit_sign,,0.4327736034702929,4290,78,55,763,181,camera_sign_turn_left
12.020358818000204,51301000000,True,True,84,camera_sign_speed_limit,speed_limit_sign,,0.4305648996759247,4290,78,55,765,181,camera_sign_turn_left
12.031069661999936,51301000000,True,True,85,camera_sign_speed_limit,speed_limit_sign,,0.4345999096923667,4400,80,55,767,180,camera_sign_turn_left
12.076776324999628,51403000000,True,True,86,camera_sign_speed_limit,speed_limit_sign,,0.4324763579159557,4400,80,55,769,180,camera_sign_turn_left
12.098536685999534,51403000000,True,True,87,camera_sign_speed_limit,speed_limit_sign,,0.4364176120717871,4640,80,58,771,179,camera_sign_turn_left
12.142159197000183,51503000000,True,True,88,camera_sign_speed_limit,speed_limit_sign,,0.4325421144673044,4565,83,55,773,179,camera_sign_turn_left
12.163174506999894,51503000000,True,True,89,camera_sign_speed_limit,speed_limit_sign,,0.4393830691914551,4872,84,58,775,179,camera_sign_turn_left
12.196678665000036,51503000000,True,True,90,camera_sign_speed_limit,speed_limit_sign,,0.44024140924011,4872,84,58,777,178,camera_sign_turn_left
12.241385676999926,51602000000,True,True,91,camera_sign_speed_limit,speed_limit_sign,,0.43848942318595274,4956,84,59,779,178,camera_sign_turn_left
12.266548360000343,51602000000,True,True,92,camera_sign_speed_limit,speed_limit_sign,,0.4415208777348559,4930,85,58,781,177,camera_sign_turn_left
12.30100730599952,51602000000,True,True,93,camera_sign_speed_limit,speed_limit_sign,,0.43998114876988736,5015,85,59,783,177,camera_sign_turn_left
12.33426141200016,51602000000,True,True,94,camera_sign_speed_limit,speed_limit_sign,,0.4367045982470073,5251,89,59,785,177,camera_sign_turn_left
12.366866862000279,51703000000,True,True,95,camera_sign_speed_limit,speed_limit_sign,,0.43594238790586126,5340,89,60,787,176,camera_sign_turn_left
12.39839853400008,51703000000,True,True,96,camera_sign_speed_limit,speed_limit_sign,,0.43371141864772256,5251,89,59,789,176,camera_sign_turn_left
12.42259605900017,51703000000,True,True,97,camera_sign_speed_limit,speed_limit_sign,,0.4360303177533743,5400,90,60,792,175,camera_sign_turn_left
12.47609142300007,51802000000,True,True,98,camera_sign_speed_limit,speed_limit_sign,,0.43208605695085633,5400,90,60,794,175,camera_sign_turn_left
12.50118583800031,51802000000,True,True,99,camera_sign_speed_limit,speed_limit_sign,,0.4363884568739099,5580,93,60,796,174,camera_sign_turn_left
12.536923321999893,51802000000,True,True,100,camera_sign_speed_limit,speed_limit_sign,,0.4337779681680948,5640,94,60,798,174,camera_sign_turn_left
12.56627319099971,51904000000,True,True,101,camera_sign_speed_limit,speed_limit_sign,,0.44220688568510935,5922,94,63,800,173,camera_sign_turn_left
12.598805100999925,51904000000,True,True,102,camera_sign_speed_limit,speed_limit_sign,,0.44079299134186406,5985,95,63,803,173,camera_sign_turn_left
12.634037531000104,51904000000,True,True,103,camera_sign_speed_limit,speed_limit_sign,,0.44188040498008885,6174,98,63,805,172,camera_sign_turn_left
12.67706287799956,52004000000,True,True,104,camera_sign_speed_limit,speed_limit_sign,,0.4385725290520659,6272,98,64,808,172,camera_sign_turn_left
12.713375675999487,52004000000,True,True,105,camera_sign_speed_limit,speed_limit_sign,,0.43061830402451956,6336,99,64,810,172,camera_sign_turn_left
12.743428609000148,52004000000,True,True,106,camera_sign_speed_limit,speed_limit_sign,,0.4398583902280333,6336,99,64,813,171,camera_sign_turn_left
12.764236060999792,52107000000,True,True,107,camera_sign_speed_limit,speed_limit_sign,,0.43779552689446255,6500,100,65,815,170,camera_sign_turn_left
12.798324325999602,52107000000,True,True,108,camera_sign_speed_limit,speed_limit_sign,,0.4347953706876228,6592,103,64,818,170,camera_sign_turn_left
12.854567227000189,52205000000,True,True,109,camera_sign_speed_limit,speed_limit_sign,,0.4370480828761591,6760,104,65,820,169,camera_sign_turn_left
12.864128234999953,52205000000,True,True,110,camera_sign_speed_limit,speed_limit_sign,,0.44402599188383074,7072,104,68,823,169,camera_sign_turn_left
12.900645368999903,52205000000,True,True,111,camera_sign_speed_limit,speed_limit_sign,,0.4351348049431232,6825,105,65,826,168,camera_sign_turn_left
12.935387980000087,52205000000,True,True,112,camera_sign_speed_limit,speed_limit_sign,,0.44224842011468174,7344,108,68,829,168,camera_sign_turn_left
12.969701316000283,52303000000,True,True,113,camera_sign_speed_limit,speed_limit_sign,,0.4446212512863794,7521,109,69,831,167,camera_sign_turn_left
13.02263146399946,52303000000,True,True,114,camera_sign_speed_limit,speed_limit_sign,,0.4404537249035095,7480,110,68,834,167,camera_sign_turn_left
13.033031850000043,52303000000,True,True,115,camera_sign_speed_limit,speed_limit_sign,,0.44019567476325505,7590,110,69,837,166,camera_sign_turn_left
13.078542588000346,52406000000,True,True,116,camera_sign_speed_limit,speed_limit_sign,,0.4410318356907901,7980,114,70,840,165,camera_sign_turn_left
13.10033961299996,52406000000,True,True,117,camera_sign_speed_limit,speed_limit_sign,,0.4424228598935555,7980,114,70,843,165,camera_sign_turn_left
13.13385620400004,52406000000,True,True,118,camera_sign_speed_limit,speed_limit_sign,,0.43902827640093645,8260,118,70,846,164,camera_sign_turn_left
13.167349237999588,52509000000,True,True,119,camera_sign_speed_limit,speed_limit_sign,,0.44017910704716223,8260,118,70,849,164,camera_sign_turn_left
13.232925434000208,52509000000,True,True,120,camera_sign_speed_limit,speed_limit_sign,,0.44610465316074976,8760,120,73,853,163,camera_sign_turn_left
13.276736734000224,52591000000,True,True,121,camera_sign_speed_limit,speed_limit_sign,,0.447392060075335,9102,123,74,859,162,camera_sign_turn_left
13.295060640999509,52591000000,True,True,122,camera_sign_speed_limit,speed_limit_sign,,0.4473090552074641,9525,127,75,865,160,camera_sign_turn_left
13.32419279900023,52591000000,True,True,123,camera_sign_speed_limit,speed_limit_sign,,0.4416497439971624,9675,129,75,872,159,camera_sign_turn_left
13.431625551999787,52701000000,True,True,124,camera_sign_speed_limit,speed_limit_sign,,0.4479230514696616,10452,134,78,879,158,camera_sign_turn_left
13.441634527000133,52701000000,True,True,125,camera_sign_speed_limit,speed_limit_sign,,0.4502878499361016,10902,138,79,886,156,camera_sign_turn_left
13.452296872000261,52809000000,True,True,126,camera_sign_speed_limit,speed_limit_sign,,0.4341124928790635,11205,135,83,894,155,camera_sign_turn_left
13.461744076999821,52809000000,True,True,127,camera_sign_speed_limit,speed_limit_sign,,0.42888807509806787,10707,129,83,902,153,camera_sign_turn_left
13.474242901000252,52809000000,True,True,128,camera_sign_speed_limit,speed_limit_sign,,0.4207669985807372,10416,124,84,910,151,camera_sign_turn_left
13.490736791000018,52809000000,True,True,129,camera_sign_speed_limit,speed_limit_sign,,0.3918635305910795,9775,115,85,917,150,camera_sign_turn_left
13.535207349000302,52809000000,True,True,130,camera_sign_speed_limit,speed_limit_sign,,0.3915172224433848,9345,105,89,922,149,camera_sign_turn_left
13.556812967000042,52912000000,True,False,1,camera_sign_turn_left,turn_left_sign,left,0.34312251494629864,14027,83,169,838,295,camera_sign_turn_left
13.598596388999795,52912000000,True,True,2,camera_sign_turn_left,turn_left_sign,left,0.3432282096094596,14448,84,172,843,296,camera_sign_turn_left
13.631031404000169,52912000000,True,True,3,camera_sign_turn_left,turn_left_sign,left,0.3404096969059208,14790,85,174,849,297,camera_sign_turn_left
13.668073404000097,53012000000,True,True,4,camera_sign_turn_left,turn_left_sign,left,0.33999286520268057,15842,89,178,856,298,camera_sign_turn_left
13.706357453999772,53012000000,True,True,5,camera_sign_turn_left,turn_left_sign,left,0.34040639763419356,16647,93,179,862,299,camera_sign_turn_left
13.727516183000262,53012000000,True,True,6,camera_sign_turn_left,turn_left_sign,left,0.3398553749912763,17202,94,183,869,300,camera_sign_turn_left
13.76217793900014,53107000000,True,True,7,camera_sign_turn_left,turn_left_sign,left,0.3398971990007067,18326,98,187,875,301,camera_sign_turn_left
13.835903209000207,53107000000,True,True,8,camera_sign_turn_left,turn_left_sign,left,0.3395642076106061,18900,100,189,882,302,camera_sign_turn_left
13.84577709199948,53107000000,True,True,9,camera_sign_turn_left,turn_left_sign,left,0.33858459968819377,19968,104,192,889,303,camera_sign_turn_left
13.901931030000014,53198000000,True,True,10,camera_sign_turn_left,turn_left_sign,left,0.33862581364422933,21276,108,197,897,304,camera_sign_turn_left
13.922606574999918,53198000000,True,True,11,camera_sign_turn_left,turn_left_sign,left,0.33800815231549286,22089,111,199,905,305,camera_sign_turn_left
13.943882124999618,53198000000,True,True,12,camera_sign_turn_left,turn_left_sign,left,0.33823824485304604,21112,104,203,913,306,camera_sign_turn_left
13.974553521999951,53304000000,True,True,13,camera_sign_turn_left,turn_left_sign,left,0.3319979496746129,20286,98,207,921,307,camera_sign_turn_left
14.010022075000052,53304000000,True,True,14,camera_sign_turn_left,turn_left_sign,left,0.32617863150833704,19080,90,212,929,311,camera_sign_turn_left
14.039199193000059,53304000000,True,False,1,camera_sign_speed_limit,speed_limit_sign,,0.42214154073264654,782,23,34,192,193,camera_sign_turn_left
14.061595641000167,53405000000,True,True,2,camera_sign_speed_limit,speed_limit_sign,,0.42594433486229777,682,22,31,189,192,camera_sign_turn_left
14.120391122999536,53405000000,True,False,1,camera_sign_turn_right,turn_right_sign,right,0.5107828183139597,540,18,30,398,230,camera_sign_turn_left
14.160915219000344,53504000000,True,False,1,camera_sign_speed_limit,speed_limit_sign,,0.4233853885405274,816,24,34,184,191,camera_sign_turn_left
14.17067557900009,53504000000,True,True,2,camera_sign_speed_limit,speed_limit_sign,,0.4315953736709796,816,24,34,180,191,camera_sign_turn_left
14.21006092799962,53504000000,True,False,1,camera_sign_turn_right,turn_right_sign,right,0.4973035100319093,589,19,31,396,230,camera_sign_turn_left
14.235159842999565,53504000000,True,False,1,camera_sign_speed_limit,speed_limit_sign,,0.4250352339087751,900,25,36,174,190,camera_sign_turn_left
14.258993405999718,53608000000,True,True,2,camera_sign_speed_limit,speed_limit_sign,,0.4330472167943775,875,25,35,171,189,camera_sign_turn_left
14.290844766000191,53608000000,True,True,3,camera_sign_speed_limit,speed_limit_sign,,0.43094230347182033,936,26,36,168,189,camera_sign_turn_left
14.337648668999464,53608000000,True,False,1,camera_sign_turn_right,turn_right_sign,right,0.4893753646071592,651,21,31,395,230,camera_sign_turn_left
14.370138571999632,53707000000,True,True,2,camera_sign_turn_right,turn_right_sign,right,0.4910460511206783,646,19,34,395,230,camera_sign_turn_left
14.395079443000213,53707000000,True,False,1,camera_sign_speed_limit,speed_limit_sign,,0.4237554411783912,1131,29,39,157,187,camera_sign_turn_left
14.44210271799966,53707000000,True,False,1,camera_sign_turn_right,turn_right_sign,right,0.5030573924913522,620,20,31,394,230,camera_sign_turn_left
14.471144363999883,53808000000,True,True,2,camera_sign_turn_right,turn_right_sign,right,0.48959632178900747,680,20,34,393,230,camera_sign_turn_left
14.514047464999749,53808000000,True,False,1,camera_sign_speed_limit,speed_limit_sign,,0.4291675943577079,1271,31,41,146,185,camera_sign_turn_left
14.538814204000118,53808000000,True,False,1,camera_sign_turn_right,turn_right_sign,right,0.4879351456443488,735,21,35,393,230,camera_sign_turn_left
14.57230780000009,53908000000,True,True,2,camera_sign_turn_right,turn_right_sign,right,0.4918250860181055,700,20,35,392,229,camera_sign_turn_left
14.610582293999869,53908000000,True,False,1,camera_sign_speed_limit,speed_limit_sign,,0.4294422561586706,1394,34,41,135,184,camera_sign_turn_left
14.63860541699978,53908000000,True,False,1,camera_sign_turn_right,turn_right_sign,right,0.48629253463559363,770,22,35,392,229,camera_sign_turn_left
14.678951177000272,54000000000,True,True,2,camera_sign_turn_right,turn_right_sign,right,0.5081990281839488,646,19,34,391,229,camera_sign_turn_left
14.700720726999862,54000000000,True,True,3,camera_sign_turn_right,turn_right_sign,right,0.49080798745084997,748,22,34,391,229,camera_sign_turn_left
14.759883916000035,54105000000,True,True,4,camera_sign_turn_right,turn_right_sign,right,0.4940537592573771,770,22,35,391,229,camera_sign_turn_left
14.77490254300028,54105000000,True,False,1,camera_sign_speed_limit,speed_limit_sign,,0.44492456673871705,1872,39,48,113,180,camera_sign_turn_left
14.809158733999539,54105000000,True,False,1,camera_sign_turn_right,turn_right_sign,right,0.5011375388068869,735,21,35,390,229,camera_sign_turn_left
14.842021204000048,54105000000,True,True,2,camera_sign_turn_right,turn_right_sign,right,0.49716406947659464,770,22,35,390,230,camera_sign_turn_left
14.896850090999578,54207000000,True,False,1,camera_sign_speed_limit,speed_limit_sign,,0.4492479370655131,2200,44,50,99,178,camera_sign_turn_left
14.907182298999942,54207000000,True,False,1,camera_sign_turn_right,turn_right_sign,right,0.4920854098777717,828,23,36,389,229,camera_sign_turn_left
14.93137827999999,54207000000,True,False,1,camera_sign_speed_limit,speed_limit_sign,,0.46097596420701376,2385,45,53,88,176,camera_sign_turn_left
14.964157933999559,54307000000,True,False,1,camera_sign_turn_right,turn_right_sign,right,0.4993241687704531,792,22,36,388,229,camera_sign_turn_left
15.006326806999823,54307000000,True,True,2,camera_sign_turn_right,turn_right_sign,right,0.502667220437765,792,22,36,388,229,camera_sign_turn_left
15.028262296999856,54307000000,True,True,3,camera_sign_turn_right,turn_right_sign,right,0.5022190871107828,792,22,36,386,229,camera_sign_turn_left
15.063497555999675,54407000000,True,True,4,camera_sign_turn_right,turn_right_sign,right,0.5033164277536554,792,22,36,387,229,camera_sign_turn_left
15.119799928000248,54407000000,True,False,1,camera_sign_speed_limit,speed_limit_sign,,0.480115626672696,3245,55,59,60,172,camera_sign_turn_left
15.155146580000292,54407000000,True,False,1,camera_sign_turn_right,turn_right_sign,right,0.5080283212467296,792,22,36,386,228,camera_sign_turn_left
15.185311061999528,54507000000,True,True,2,camera_sign_turn_right,turn_right_sign,right,0.5091185888819862,828,23,36,385,229,camera_sign_turn_left
15.197183201999906,54507000000,True,True,3,camera_sign_turn_right,turn_right_sign,right,0.5087859843427195,792,22,36,385,228,camera_sign_turn_left
15.231813084999885,54507000000,True,False,1,camera_sign_speed_limit,speed_limit_sign,,0.48659677736323004,3969,63,63,34,168,camera_sign_turn_left
15.263188175000323,54608000000,True,True,2,camera_sign_speed_limit,speed_limit_sign,,0.5116016291807345,3840,60,64,27,167,camera_sign_turn_left
15.310453404000327,54608000000,True,True,3,camera_sign_speed_limit,speed_limit_sign,,0.5480421084739436,3510,54,65,20,166,camera_sign_turn_left
15.32935158500004,54608000000,True,True,4,camera_sign_speed_limit,speed_limit_sign,,0.5885631875370979,2760,46,60,14,166,camera_sign_turn_left
15.375839851999444,54707000000,True,True,5,camera_sign_speed_limit,speed_limit_sign,,0.5948905666239812,2088,36,58,10,167,camera_sign_turn_left
15.410020684000301,54707000000,True,False,1,camera_sign_turn_right,turn_right_sign,right,0.4986888162257965,975,25,39,382,228,camera_sign_turn_left
15.454305827999633,54707000000,True,True,2,camera_sign_turn_right,turn_right_sign,right,0.5046066495432915,936,24,39,381,228,camera_sign_turn_left
15.476934524000171,54805000000,True,True,3,camera_sign_turn_right,turn_right_sign,right,0.4989915737021631,1000,25,40,380,228,camera_sign_turn_left
15.521476087000337,54805000000,True,True,4,camera_sign_turn_right,turn_right_sign,right,0.5082658466514647,960,24,40,380,228,camera_sign_turn_left
15.537013092999587,54805000000,True,True,5,camera_sign_turn_right,turn_right_sign,right,0.5026480891206375,1000,25,40,380,228,camera_sign_turn_left
15.58930846200019,54901000000,True,True,6,camera_sign_turn_right,turn_right_sign,right,0.5048658153030215,1000,25,40,379,228,camera_sign_turn_left
15.611919654999838,54901000000,True,True,7,camera_sign_turn_right,turn_right_sign,right,0.5053913902714886,1000,25,40,378,227,camera_sign_turn_left
15.637426473999767,54901000000,True,True,8,camera_sign_turn_right,turn_right_sign,right,0.5102824823779329,1000,25,40,378,228,camera_sign_turn_left
15.687165000000277,55004000000,True,True,9,camera_sign_turn_right,turn_right_sign,right,0.5094042381664818,1000,25,40,377,227,camera_sign_turn_left
15.702144341999883,55004000000,True,True,10,camera_sign_turn_right,turn_right_sign,right,0.5096553424742357,1000,25,40,377,227,camera_sign_turn_left
15.730394451999928,55004000000,True,True,11,camera_sign_turn_right,turn_right_sign,right,0.5102473537881189,1040,26,40,376,228,camera_sign_turn_left
15.773875042999862,55109000000,True,True,12,camera_sign_turn_right,turn_right_sign,right,0.5123125224712002,1025,25,41,375,227,camera_sign_turn_left
15.803709113999503,55109000000,True,True,13,camera_sign_turn_right,turn_right_sign,right,0.5094345437937328,1066,26,41,375,228,camera_sign_turn_left
15.821404059000088,55109000000,True,True,14,camera_sign_turn_right,turn_right_sign,right,0.5134809283818056,1066,26,41,374,227,camera_sign_turn_left
15.857608157999493,55109000000,True,True,15,camera_sign_turn_right,turn_right_sign,right,0.5031015328356307,1189,29,41,374,227,camera_sign_turn_left
15.902105473999654,55215000000,True,True,16,camera_sign_turn_right,turn_right_sign,right,0.5232763067950643,1025,25,41,373,227,camera_sign_turn_left
15.935639551999884,55215000000,True,True,17,camera_sign_turn_right,turn_right_sign,right,0.5214730422863196,1066,26,41,373,227,camera_sign_turn_left
15.969544288999714,55316000000,True,True,18,camera_sign_turn_right,turn_right_sign,right,0.49589576245278016,1276,29,44,372,227,camera_sign_turn_left
16.014900873999977,55316000000,True,True,19,camera_sign_turn_right,turn_right_sign,right,0.5000019149891669,1276,29,44,371,227,camera_sign_turn_left
16.034617411999534,55316000000,True,True,20,camera_sign_turn_right,turn_right_sign,right,0.5022331440449558,1276,29,44,371,227,camera_sign_turn_left
16.06920329999957,55417000000,True,True,21,camera_sign_turn_right,turn_right_sign,right,0.5008090905697049,1320,30,44,370,227,camera_sign_turn_left
16.128481085000203,55417000000,True,True,22,camera_sign_turn_right,turn_right_sign,right,0.5042857706652076,1320,30,44,369,227,camera_sign_turn_left
16.135745466000117,55417000000,True,True,23,camera_sign_turn_right,turn_right_sign,right,0.5030642450395152,1320,30,44,369,227,camera_sign_turn_left
16.173012424000262,55515000000,True,True,24,camera_sign_turn_right,turn_right_sign,right,0.5066024977642801,1320,30,44,368,227,camera_sign_turn_left
16.207374667000295,55515000000,True,True,25,camera_sign_turn_right,turn_right_sign,right,0.5090334512971579,1320,30,44,367,227,camera_sign_turn_left
16.227824476000023,55515000000,True,True,26,camera_sign_turn_right,turn_right_sign,right,0.5105508412108637,1350,30,45,367,226,camera_sign_turn_left
16.295699049999712,55614000000,True,True,27,camera_sign_turn_right,turn_right_sign,right,0.5067558709051152,1395,31,45,366,226,camera_sign_turn_left
16.318013567999515,55614000000,True,True,28,camera_sign_turn_right,turn_right_sign,right,0.5114873818734725,1395,31,45,365,226,camera_sign_turn_left
16.33971603000009,55614000000,True,True,29,camera_sign_turn_right,turn_right_sign,right,0.5134511582883335,1395,31,45,364,226,camera_sign_turn_left
16.365206843000124,55714000000,True,True,30,camera_sign_turn_right,turn_right_sign,right,0.5141891951487131,1395,31,45,364,226,camera_sign_turn_left
16.4208309630003,55714000000,True,True,31,camera_sign_turn_right,turn_right_sign,right,0.49452356792953717,1632,34,48,363,226,camera_sign_turn_left
16.440515448000042,55714000000,True,True,32,camera_sign_turn_right,turn_right_sign,right,0.49649370259969355,1632,34,48,362,226,camera_sign_turn_left
16.47426177699981,55813000000,True,True,33,camera_sign_turn_right,turn_right_sign,right,0.4959699914459314,1680,35,48,362,226,camera_sign_turn_left
16.50638818599964,55813000000,True,True,34,camera_sign_turn_right,turn_right_sign,right,0.5036325764405923,1632,34,48,361,226,camera_sign_turn_left
16.541662059999908,55813000000,True,True,35,camera_sign_turn_right,turn_right_sign,right,0.5167686240290709,1488,31,48,360,226,camera_sign_turn_left
16.574887022999974,55913000000,True,True,36,camera_sign_turn_right,turn_right_sign,right,0.5072423168332896,1632,34,48,359,226,camera_sign_turn_left
16.607158406000053,55913000000,True,True,37,camera_sign_turn_right,turn_right_sign,right,0.5043974441423598,1715,35,49,358,226,camera_sign_turn_left
16.63859717000014,55913000000,True,True,38,camera_sign_turn_right,turn_right_sign,right,0.5058896684025141,1715,35,49,358,225,camera_sign_turn_left
16.661564258,55913000000,True,True,39,camera_sign_turn_right,turn_right_sign,right,0.505641691601033,1764,36,49,357,225,camera_sign_turn_left
16.7092580489998,56015000000,True,True,40,camera_sign_turn_right,turn_right_sign,right,0.5075764951763088,1764,36,49,356,225,camera_sign_turn_left
16.730515234999984,56015000000,True,True,41,camera_sign_turn_right,turn_right_sign,right,0.5128063672200015,1715,35,49,355,225,camera_sign_turn_left
16.77534908599955,56117000000,True,True,42,camera_sign_turn_right,turn_right_sign,right,0.5012303509044264,1911,39,49,355,225,camera_sign_turn_left
16.8051154879995,56117000000,True,True,43,camera_sign_turn_right,turn_right_sign,right,0.5007459024924108,1950,39,50,354,225,camera_sign_turn_left
16.8285220759999,56117000000,True,True,44,camera_sign_turn_right,turn_right_sign,right,0.503860882176534,1950,39,50,353,225,camera_sign_turn_left
16.873503912999695,56218000000,True,True,45,camera_sign_turn_right,turn_right_sign,right,0.5036436607209589,2000,40,50,352,225,camera_sign_turn_left
16.907688633999896,56218000000,True,True,46,camera_sign_turn_right,turn_right_sign,right,0.5096011890256267,1950,39,50,351,225,camera_sign_turn_left
16.940557365999666,56218000000,True,True,47,camera_sign_turn_right,turn_right_sign,right,0.5090070736899939,2000,40,50,350,225,camera_sign_turn_left
16.973820084999716,56317000000,True,True,48,camera_sign_turn_right,turn_right_sign,right,0.5063706093662854,2067,39,53,349,225,camera_sign_turn_left
17.00798487799966,56317000000,True,True,49,camera_sign_turn_right,turn_right_sign,right,0.5033542572353166,2173,41,53,348,224,camera_sign_turn_left
17.029876808000154,56317000000,True,True,50,camera_sign_turn_right,turn_right_sign,right,0.5086959912791621,2120,40,53,348,224,camera_sign_turn_left
17.076971817999947,56416000000,True,True,51,camera_sign_turn_right,turn_right_sign,right,0.5106534480821254,2120,40,53,347,224,camera_sign_turn_left
17.122069471999566,56416000000,True,True,52,camera_sign_turn_right,turn_right_sign,right,0.5108507229035512,2173,41,53,346,224,camera_sign_turn_left
17.166448848000073,56517000000,True,True,53,camera_sign_turn_right,turn_right_sign,right,0.5113385344728971,2214,41,54,344,224,camera_sign_turn_left
17.185780458999943,56517000000,True,True,54,camera_sign_turn_right,turn_right_sign,right,0.5040698278970426,2376,44,54,343,224,camera_sign_turn_left
17.23214752199965,56517000000,True,True,55,camera_sign_turn_right,turn_right_sign,right,0.5077381436743399,2376,44,54,342,224,camera_sign_turn_left
17.240650065999944,56517000000,True,True,56,camera_sign_turn_right,turn_right_sign,right,0.5100819902591218,2376,44,54,342,224,camera_sign_turn_left
17.276465259999895,56621000000,True,True,57,camera_sign_turn_right,turn_right_sign,right,0.5051379996965139,2552,44,58,341,224,camera_sign_turn_left
17.30232446700029,56621000000,True,True,58,camera_sign_turn_right,turn_right_sign,right,0.5037363092942537,2610,45,58,339,224,camera_sign_turn_left
17.348754527999517,56621000000,True,True,59,camera_sign_turn_right,turn_right_sign,right,0.49823747269588486,2784,48,58,338,224,camera_sign_turn_left
17.40871126499951,56717000000,True,True,60,camera_sign_turn_right,turn_right_sign,right,0.4988763756128041,2784,48,58,337,223,camera_sign_turn_left
17.419686710999486,56717000000,True,True,61,camera_sign_turn_right,turn_right_sign,right,0.5006918257685328,2832,48,59,336,223,camera_sign_turn_left
17.454741700999875,56717000000,True,True,62,camera_sign_turn_right,turn_right_sign,right,0.5012402979005427,2891,49,59,335,223,camera_sign_turn_left
17.464257827999973,56717000000,True,True,63,camera_sign_turn_right,turn_right_sign,right,0.505926721329915,2891,49,59,334,223,camera_sign_turn_left
17.51011214600021,56818000000,True,True,64,camera_sign_turn_right,turn_right_sign,right,0.5083512993959571,2891,49,59,333,223,camera_sign_turn_left
17.54269895499965,56818000000,True,True,65,camera_sign_turn_right,turn_right_sign,right,0.5065998911874064,3000,50,60,332,223,camera_sign_turn_left
17.577506267999524,56917000000,True,True,66,camera_sign_turn_right,turn_right_sign,right,0.5093735420668172,3000,50,60,330,223,camera_sign_turn_left
